temp_1,temp_2,temp_3,temp_4,temp_5,action_1,action_2,action_3,action_4,action_5,phase,reward,timestep
198.06186871855675,217.50021964983657,231.54982391940155,230.2618285205456,236.2689541990134,1,0,1,1,0,warmup,,0
198.4954934861339,216.29603894957552,232.58828569720126,231.6181115177479,235.14729484838782,2,0,1,1,0,warmup,,1
198.8605461319914,215.0614313345665,233.54421246084084,232.87708604416636,233.99753724489764,1,0,2,1,0,warmup,,2
199.29312395543855,214.06513872738077,234.2162715781873,234.169873209635,233.0660308152338,2,0,1,1,0,warmup,,3
199.90012739707277,212.9691801635848,234.8172386444363,235.2098828868764,232.0430519355494,1,0,2,1,0,warmup,,4
200.700852505856,211.87445195365038,235.1966540877512,236.16723772090018,231.02099714806556,1,0,1,2,0,warmup,,5
201.56882492201194,210.7809447270699,235.74601971772165,236.84059211371655,229.99984910001282,1,0,2,1,0,warmup,,6
202.64560649993211,209.6887053413616,236.51408027345772,237.44269979349306,228.97955055140008,1,0,1,2,0,warmup,,7
203.69226182428648,208.59781672789242,237.30870693954517,237.82321552569394,227.9600867772424,1,0,3,1,0,warmup,,8
204.76712105024532,207.50827896361707,237.75621922397983,238.37366300496902,226.94141287809515,1,0,1,2,0,warmup,,9
205.8410096094112,206.42002601261805,237.88493632603223,239.14277380313533,225.92356178046293,1,0,0,1,0,warmup,,10
206.88477342687452,205.3885262943995,237.3912195513361,239.93836957901425,224.9065767889836,1,0,0,3,0,warmup,,11
207.9567560351225,204.20257310418233,236.51597794064241,240.38669027166296,223.89046409361174,1,0,0,1,0,warmup,,12
208.77663626651923,203.10506425988436,235.1881483307735,240.51594539230211,222.87515133772138,1,0,0,0,0,warmup,,13
209.55145162804013,201.97663646075884,233.84005405786468,240.0223600390015,221.86057452941034,2,0,0,0,0,warmup,,14
210.27366881304707,201.06751951134987,232.48953611939677,239.14682706253384,220.84660993199915,1,0,0,0,0,warmup,,15
210.8412670330866,200.26210158890532,231.38919846255288,237.81837873623925,219.83318098970264,2,3,0,0,0,warmup,,16
211.14231372480597,199.70869534208597,230.17856406822838,236.46943577231772,218.8201941956016,1,0,0,0,0,warmup,,17
211.10434272642755,199.19683380162587,228.96863836920963,235.11795216858454,217.8076472844396,0,3,0,0,0,warmup,,18
210.70828110496421,198.85991504913076,227.75942962073026,234.0165604542992,216.79553875908144,0,0,0,0,0,warmup,,19
209.96725183078445,198.24772713360483,226.55102149621385,232.80485691491464,215.78391961963618,0,2,0,0,0,warmup,,20
208.92082860526438,197.711351848563,225.34333646520292,231.59379980997028,214.772765016337,0,0,0,0,0,warmup,,21
207.7201740608658,197.0996186761028,224.1363885199856,230.444474223169,213.76207453823974,0,2,0,0,0,warmup,,22
206.57114271518392,196.59789804005024,222.93017413159933,229.1246991185234,212.751865263344,0,0,0,0,0,warmup,,23
205.610854907531,196.15514972537406,221.72468143463487,227.90174030890472,211.7420971469629,0,1,0,0,0,warmup,,24
204.76840404272818,196.10855608648774,220.51994099749518,226.64445295922064,210.73279113855835,0,0,0,0,0,warmup,,25
203.99455933255138,196.34413861195105,219.31602309778518,225.62810584266606,209.72393939687112,3,1,0,0,0,warmup,,26
203.45714885928678,197.03289240160433,218.17411959400826,224.725538000945,208.71559294627468,0,1,0,3,0,warmup,,27
202.97903940086798,197.94270899602458,216.8621595889306,224.0998847436591,207.70776968659513,3,1,0,0,0,warmup,,28
202.5932311903698,199.11089423485475,215.64750920760838,223.51968214735507,206.70052603096224,0,1,0,3,0,warmup,,29
202.2322814053005,200.27552019185856,214.39908355164215,223.13176229379027,205.69387444048266,3,1,0,0,0,warmup,,30
201.80246962648144,201.59727813753784,213.40350020140167,222.4409639501663,204.7387532671851,0,1,0,2,0,warmup,,31
201.25804432570402,202.5798401948623,212.49057224235483,221.83361403347817,203.6416282792028,2,1,3,0,0,warmup,,32
200.67520466789387,203.81749930108145,211.86155200348034,221.0326200728152,202.6252099578938,0,1,0,2,0,warmup,,33
199.85434914101063,204.96646447875642,211.30373224545784,220.55250332541442,201.58018804845472,0,1,3,0,0,warmup,,34
198.98426775495702,206.1459255997843,210.906461927294,220.27344420813475,200.74543796964284,0,1,0,1,0,warmup,,35
197.92938993887475,207.05012846258504,210.39958938762396,220.31933847558432,199.9792431476087,0,1,3,0,3,warmup,,36
196.92558252433838,207.90490894162534,209.88842678836812,220.2826866808301,199.50034340554862,0,2,0,1,0,warmup,,37
195.84798837424262,208.70207460130936,209.2111663370332,220.14033715642717,199.0304078148631,0,1,2,0,3,warmup,,38
194.8874467535386,209.33024571168696,208.75391843125362,219.62090153486295,198.5154218558293,0,2,0,0,0,warmup,,39
193.8862242513612,209.66739671492442,207.9061740643204,218.61150869856158,198.02504710376795,0,1,2,0,3,warmup,,40
192.88577111434947,209.63438425474862,207.33491166505107,217.30337363300626,197.68742799509087,0,0,0,0,0,warmup,,41
191.88601093285143,209.21052663587912,206.53781526803726,216.02474073143512,197.65932429734147,0,0,2,0,1,warmup,,42
190.88686636937715,208.41013496635833,206.19763645221437,214.82430486908288,198.13153421701634,0,0,0,0,1,warmup,,43
189.88826096418174,207.22107328176338,205.7543814877791,214.01701602511326,198.89744761763353,0,0,1,3,1,warmup,,44
188.89011688662274,206.01935034251383,205.77875236518122,213.3826697657249,200.01935603637227,0,0,0,0,1,warmup,,45
187.8924308029425,204.78670869855,205.66830391445055,212.81967051891925,201.1526751722833,0,0,1,3,1,warmup,,46
186.89519694900608,203.79189434107832,205.8475175988912,212.36752235608964,202.31424422741588,0,0,0,0,1,warmup,,47
185.89846200792454,202.697030080066,205.90739993087314,211.94527586389887,203.257712570719,0,0,1,3,1,warmup,,48
184.90220579604897,201.60296387023826,206.14689126236766,211.44039364433098,204.29282288969154,0,0,0,0,1,warmup,,49
183.9064282013836,200.5097309443624,206.03574515112453,210.7980055396963,205.32710474286927,0,0,1,2,1,warmup,,50
182.9111289884463,199.41726069645577,205.84444603301375,210.10958962832558,206.36053714931631,0,0,0,0,1,warmup,,51
181.9163080359699,198.32553633893642,205.32470321625047,209.13555591027009,207.3931053481223,0,0,2,0,1,warmup,,52
180.9219650976012,197.2344914615349,205.0847556386244,208.10246525297987,208.42475816676338,0,0,0,0,1,warmup,,53
179.92809985882772,196.1441817634219,204.95790642492815,206.84769409145923,209.45548141669215,0,0,1,0,1,warmup,,54
178.93471236838533,195.0546291402633,205.48146333280712,205.65441416008284,210.48523018313898,0,0,1,0,1,warmup,,55
177.94180217859102,193.9659633887144,206.30773309691878,204.372925419686,211.51402194009577,0,0,1,0,1,warmup,,56
176.9493698366262,192.87824373643028,207.7253810723784,203.23232709648425,212.54183798303995,0,0,1,0,1,warmup,,57
175.95741413303168,191.84712112840734,209.11280053153766,202.043471336863,213.5687053886328,0,0,1,0,1,warmup,,58
174.965946099803,190.66151356078728,210.5018386053655,200.85616972190473,214.594615417771,0,0,1,0,1,warmup,,59
173.97493638853493,189.56439106114203,211.63983074400016,199.67041739385357,215.61956917282748,0,0,1,0,1,warmup,,60
172.9843999309258,188.43647954859992,212.82611590870155,198.54725276572825,216.64357024134222,0,0,1,0,1,warmup,,61
171.99433118771495,187.53831666816666,214.18192397076342,197.25449885625295,217.66662906541626,0,0,1,0,1,warmup,,62
171.00477621545141,186.71524720629932,215.44000168699287,196.05945602337476,218.6887135652576,0,3,1,0,1,warmup,,63
170.01574956215913,186.15025497120908,216.73152956634667,194.83095957779082,219.7098439618342,0,0,1,0,1,warmup,,64
169.027301694869,185.64996507702597,217.76997303218837,193.8442834692009,220.73001261508054,0,3,1,0,1,warmup,,65
168.03944576509386,185.29551173613712,218.72555163490443,192.97221202074223,221.7492707058624,0,0,2,3,1,warmup,,66
167.0522106381468,184.8412431434916,219.39701349650946,192.43893950022522,222.76764082712847,0,3,1,0,1,warmup,,67
166.06557548891843,184.43836628141372,219.9971264009541,191.8305701550286,223.7851913367593,0,0,2,3,1,warmup,,68
165.13045632763877,183.8294992777792,220.3754978343042,191.31089551626482,224.80190747726704,0,2,1,0,1,warmup,,69
164.05333438963396,183.17002395176917,220.92362342563928,190.70352735856054,225.8178084020761,0,0,2,2,1,warmup,,70
163.05689535296668,182.4378340208682,221.6902743958354,190.3072178026887,226.8328768336096,0,2,1,0,1,warmup,,71
162.03185338871376,182.04066820367984,222.48336512164425,190.03943204825674,227.84715517694053,0,0,3,1,1,warmup,,72
161.20765765192704,181.9593412746662,222.92935129875303,190.31286808927587,228.86066976022158,0,1,1,2,1,warmup,,73
160.47844500831368,182.46660141829472,223.05669047558516,190.68526039742102,229.8735299507938,3,1,0,1,1,warmup,,74
160.03119266904477,183.32637600529137,222.56183737720764,191.44022618754911,230.88575559678486,0,1,0,2,1,warmup,,75
159.5720689454826,184.5684202215778,221.68583064722614,191.99488342605676,231.8974236818794,3,1,0,1,1,warmup,,76
159.04416671459057,185.78316390420804,220.35774301865575,192.83356191367758,232.90849441762842,0,1,0,2,1,warmup,,77
158.5232365074892,187.15494516665277,219.07108033433397,193.33096552159094,233.8681202027963,2,1,0,1,1,warmup,,78
158.14895758578527,188.211136555886,217.61159715607081,194.14042340519666,234.9697076562361,0,1,0,3,1,warmup,,79
158.09129456411918,189.3985976315715,216.49919373775725,194.53933160176643,235.9906263042009,1,1,0,1,1,warmup,,80
158.55245374003493,190.35606210778226,215.24226300757437,195.07611784343118,237.04006463316455,1,1,0,0,1,warmup,,81
159.3317506715981,191.23829379797152,214.23832576766225,195.13827308480796,237.93014498832358,1,2,0,1,1,warmup,,82
160.48836751327497,191.86240348112145,213.3171142128191,195.35257351603101,238.60905272186164,1,1,3,0,2,warmup,,83
161.66202372383765,192.42186519207522,212.6799103324039,195.1839492769015,239.07141384013124,1,2,0,1,1,warmup,,84
162.83772926388104,192.88080343094262,212.11390515274033,195.3166759398953,239.6144025239126,1,1,3,0,2,warmup,,85
163.80493544224302,193.31288084037482,211.70844140128835,195.23432617045646,240.1385269061227,1,2,0,1,1,warmup,,86
164.8639350594516,193.82033344140598,211.1932726499027,195.4769802719476,240.8566323726854,1,1,3,0,1,warmup,,87
165.92229547793198,194.45308784375433,210.67378132569996,195.44432438325208,241.53373054005596,1,3,0,1,1,warmup,,88
166.98003999896537,195.12791822274795,209.9881560292852,195.48731585409013,242.32480777051552,1,1,2,0,2,warmup,,89
168.03717935790442,196.06258360420333,209.41170353187317,195.31864809442357,243.0343547590984,1,1,0,1,1,warmup,,90
169.09376593776386,197.05108303459534,208.75540073458453,195.47265972895661,243.66949946482006,1,1,2,0,2,warmup,,91
170.14981002301246,198.24128959403657,208.20141854236755,195.6970746039638,243.8957043333434,1,1,0,1,1,warmup,,92
171.20535333744147,199.37581537375095,207.48563029059034,196.4553638315077,243.83400330015206,1,1,2,1,0,warmup,,93
172.26038507542344,200.59083594231637,206.7708647610749,197.36096672115363,243.41448227619208,1,1,0,1,0,warmup,,94
173.26401629394528,201.67813459413856,205.80603554214318,198.72206540514722,242.65025895757122,1,1,0,1,0,warmup,,95
174.40969618215954,202.80971075967935,204.7760484196869,200.0181029539244,241.53014838011362,1,1,0,1,0,warmup,,96
175.47474042311129,203.9402918830749,203.54249650080786,201.4868951768042,240.3987569453354,1,1,0,1,0,warmup,,97
176.56842005312384,205.06982231706178,202.3390816589461,202.64348578895456,239.2392971862838,1,1,0,1,0,warmup,,98
177.502829221663,206.19831297252802,201.05892672930023,203.90942197782292,238.2980749960539,1,1,0,1,0,warmup,,99
178.22624807992435,207.32572019830587,199.91976919763994,205.1737755726554,237.26538134153216,2,1,0,1,0,warmup,,100
178.78417688000206,208.45202840177282,198.73234050377678,206.43655541960587,236.28456870308105,1,1,0,1,0,warmup,,101
179.28039117242315,209.5771978924083,197.54645967377851,207.697766288631,235.16216128288247,2,1,0,1,0,warmup,,102
179.83803198447285,210.70121614529748,196.36212294549128,208.95738054769978,234.12085127711933,1,1,0,1,0,warmup,,103
180.56071712581726,211.82409793871253,195.17932833882324,210.21541537132535,233.05136753037985,1,1,0,1,0,warmup,,104
181.49368252386225,212.94587808482623,193.9980746234716,211.47186707389818,232.18309307158066,1,1,0,1,0,warmup,,105
182.5849500704244,214.06659613191098,192.87944559338027,212.72677866639248,231.41010057206273,1,1,0,1,3,warmup,,106
183.6465232264307,215.18630263304175,191.5912575878316,213.9801826458971,230.91924844193588,1,1,0,1,0,warmup,,107
184.7876368591597,216.30495513835447,190.40077607717012,215.23210258317036,230.41663312033734,1,1,0,1,3,warmup,,108
185.78564148372652,217.42259176857706,189.1768541679477,216.482557070282,229.845272523123,1,1,0,1,0,warmup,,109
186.83407600616005,218.5391760547941,188.20607121432303,217.73152738174838,229.28092066878972,1,1,0,1,2,warmup,,110
187.88200012292205,219.5992391287244,187.31826646122886,218.9179802785507,228.86322718248607,1,1,3,1,0,warmup,,111
188.92940249241582,220.8138719559226,186.72603381262792,220.27414520184632,228.7622057263802,1,1,0,1,1,warmup,,112
189.97631461307384,221.9401637494604,186.17372355937442,221.5328792918552,229.1800714159377,1,1,3,1,1,warmup,,113
191.02271941406673,223.0973464762311,185.78877772505268,222.8254391176718,229.91616334526893,1,1,0,1,1,warmup,,114
192.06862288703428,223.97967773402252,185.3197240455329,223.86534299470412,231.02968990851073,1,1,3,1,1,warmup,,115
193.11397037708937,224.81303338861255,184.8753336944156,224.8228066131604,232.16036733802548,1,2,0,2,1,warmup,,116
194.158754063069,225.58921607119444,184.28657928929172,225.49653471291742,233.29320420452,1,1,3,1,1,warmup,,117
195.20296075914447,226.19686632995968,183.9258331640842,226.09921828374567,234.21761514688774,1,2,0,2,1,warmup,,118
196.2465577470132,226.51393406579945,183.27766499606872,226.4804723365115,235.233882655205,1,1,2,1,1,warmup,,119
197.28948745066933,226.46130640684086,182.57407063330635,227.03177793781722,236.24951509953138,1,0,0,2,1,warmup,,120
198.33167779321107,226.0182338801664,181.7906883186614,227.80192148203795,237.26454671248814,1,0,2,1,1,warmup,,121
199.37304869522066,225.19905429672147,181.37592649978384,228.59877344228542,238.27902200334546,1,0,0,3,1,warmup,,122
200.4135284364603,223.9916159306134,181.3086158810953,229.04877115234018,239.29294650875082,1,0,1,1,1,warmup,,123
201.45303657280542,222.77201486918116,181.8886623049567,229.1802685308158,240.30625121035965,1,0,1,0,1,warmup,,124
202.49157341935066,221.52202977833574,182.8563678268405,228.6897123243516,241.31887317371257,1,0,1,0,1,warmup,,125
203.5291344330091,220.51051215149238,184.18332518298186,227.8180728963638,242.33068732813524,1,0,1,0,1,warmup,,126
204.5657662438338,219.39959421181553,185.71233072054355,226.4944561638413,243.34161924691955,1,0,1,0,1,warmup,,127
205.60144902231988,218.29019042913387,187.14671220281303,225.1512718541392,244.30067399964508,1,0,1,0,1,warmup,,128
206.63618628177016,217.1822787884269,188.36497854770136,223.86754957970751,245.4013235063557,1,0,1,0,1,warmup,,129
207.66997832699423,216.07581487599492,189.44096576880375,222.66372694367777,246.3794069551971,1,0,1,0,1,warmup,,130
208.70282396187886,214.9707697129,190.43388901123237,221.4466104823797,247.50185910563317,1,0,2,0,1,warmup,,131
209.73472688564934,213.86712282953113,191.13113179552863,220.19602696171177,248.34841121216047,1,0,1,0,1,warmup,,132
210.76568607131512,212.76481619766696,191.7884033495532,219.1871286043719,249.0574663481313,1,0,2,0,2,warmup,,133
211.79570218461083,211.66383793075767,192.27826670949645,218.29271880743445,249.60841258143083,1,0,1,3,1,warmup,,134
212.77387242928333,210.5641561569099,192.85223542814944,217.6758544224537,249.97658191631464,1,0,2,0,0,warmup,,135
213.89367415358035,209.46577309856835,193.39017527730118,217.10508532399615,249.9068097334545,1,0,1,3,1,warmup,,136
214.93241027417412,208.36871089858013,194.10409564443017,216.72712823798832,249.60736873845644,1,0,2,0,0,warmup,,137
215.99935657632847,207.27298646028174,194.63318271104922,216.0965916130688,249.00007658451526,1,0,1,2,0,warmup,,138
216.81421897131298,206.17856718460658,195.39573431360668,215.41045695371136,248.35369797686107,1,0,3,0,0,warmup,,139
217.58402229031455,205.08544860489766,195.9637846234173,214.6094550849297,247.53774577868145,2,0,1,2,3,warmup,,140
218.3012384669801,203.9935810008938,196.70404243980238,214.2119628998107,247.0149847299586,1,0,2,0,0,warmup,,141
218.86380222819386,202.90298760923656,197.16575524956156,213.9217004598138,246.33485917862097,2,0,1,1,3,warmup,,142
219.15976195562646,201.81358125397315,197.97523340798946,214.16579773589925,245.84447695937502,1,0,2,2,0,warmup,,143
219.16750495894453,200.72537584437003,198.54621564574683,214.52160706020157,245.26846233765994,0,0,1,1,2,warmup,,144
218.67447621354273,199.63826563244106,199.2334856663757,215.2532979850414,244.83893557098304,0,0,3,2,0,warmup,,145
217.9164560391464,198.5521727779504,199.6315845769015,215.82475640836103,244.72599753788302,0,0,1,1,1,warmup,,146
216.77290025020756,197.46698561001426,200.09598450280035,216.5909856866487,245.13179927758628,0,0,0,3,1,warmup,,147
215.81781713006524,196.38263904009352,200.30856621379922,217.33456869726942,245.85573675744544,0,0,1,1,1,warmup,,148
214.92844964439323,195.2991199367591,200.73314559490905,218.2079658663061,246.95700695228143,3,0,2,3,1,warmup,,149
214.4456500842591,194.21648306049602,201.11079834119423,218.71302951544124,248.0754040013127,0,0,1,1,1,warmup,,150
214.02451801731956,193.1347994510362,201.6966542789141,218.87085852643318,249.19587757182052,3,0,3,0,1,warmup,,151
213.6474989965696,192.05412245626755,202.34442681720338,218.38143700717873,250.10783222688207,0,0,1,0,1,warmup,,152
213.18450217626886,190.97447218036754,203.19987922887003,217.50436829669968,251.11143298240543,2,0,3,0,1,warmup,,153
212.54008936512878,189.89587196578174,203.93999897862997,216.20690574668944,252.11415623881956,0,0,1,0,1,warmup,,154
211.7081422549979,188.81826174785752,204.98636126486505,214.87838022893632,253.1159168329365,0,0,1,0,1,warmup,,155
210.82653373239395,187.74166416053941,206.06614228095816,213.5481485891952,254.1167117245482,0,0,1,0,1,warmup,,156
209.81059052519703,186.6660756513852,207.3607597608489,212.46885105276377,255.1165397319856,0,0,1,0,1,warmup,,157
208.70276166426987,185.5915097808474,208.62527427993635,211.2801248354639,256.1154525817663,0,0,1,0,1,warmup,,158
207.60089132505,184.57347576668485,209.9664786037092,210.09292066747835,257.1134266316239,0,0,1,0,1,warmup,,159
206.58657301290464,183.40091494767373,211.16666827931078,208.90725348112318,258.0595620692724,0,0,1,0,1,warmup,,160
205.73145963902635,182.31678342611232,212.41507993667707,207.7230814520569,259.1473305775861,0,0,1,0,1,warmup,,161
204.97115215864608,181.2019007673909,213.66191433615805,206.60152961908753,260.1125629935055,3,0,1,0,1,warmup,,162
204.40012045847038,180.31681375901022,214.90717945497568,205.31038823590768,261.1298066152115,0,0,1,0,1,warmup,,163
203.98324238508832,179.5068690510633,216.1508884503697,204.11693335695549,262.12988076123844,3,3,1,0,1,warmup,,164
203.6105259291747,178.95510216953272,217.39307699507336,202.89001644779367,262.93945187358923,0,0,1,0,2,warmup,,165
203.15193553827947,178.46814003517048,218.63379252446802,201.90486209699205,263.3850387395014,2,3,1,0,1,warmup,,166
202.51204135185986,178.12714667904604,219.8730966760015,201.0342420220088,263.36184197962933,0,0,1,3,0,warmup,,167
201.68476294718766,177.68645507251756,221.11104281732,200.4411799259538,262.86709196803685,0,3,1,0,0,warmup,,168
200.8079441257795,177.29728561971163,222.34766874129332,199.89415234833928,261.9982391406593,0,0,1,3,0,warmup,,169
199.7969251609323,176.70226530712807,223.5829937714907,199.53989427843706,260.91572429687767,0,2,1,0,0,warmup,,170
198.6941125696505,176.05677923986272,224.8170182386576,198.99406855494703,259.7706678944367,0,0,1,2,0,warmup,,171
197.5973407545325,175.3386988023294,226.0496927176953,198.22156258290192,258.59715015651966,0,2,1,0,0,warmup,,172
196.58817798354636,174.95570211628106,227.28096020273873,197.4303269152803,257.64149213819303,0,0,1,2,0,warmup,,173
195.74780278719723,174.8886222024483,228.51088406464487,197.00771197230708,256.59396263471245,0,1,1,0,0,warmup,,174
194.97602965112364,175.41026956337893,229.73960356397032,196.93259187451685,255.5470811578561,3,1,1,1,0,warmup,,175
194.49164902083578,176.28463054370533,230.90622039519224,197.5050265111974,254.50091916899967,0,1,1,1,0,warmup,,176
194.01642072987315,177.54157364765553,232.2431183981853,198.46536970832267,253.45560294454685,3,1,1,1,0,warmup,,177
193.4964247390295,178.82717495294656,233.48318422271194,199.84646271313386,252.411210403224,0,1,1,1,0,warmup,,178
193.00140546615938,180.05923973795208,234.757651918553,201.25893009173257,251.367825331782,3,1,1,1,0,warmup,,179
192.6086861816413,181.21918833047096,235.77993989306069,202.6734836367322,250.32545270207495,0,1,1,1,0,warmup,,180
192.66855090864905,182.39166325571196,236.72018888088655,203.83743757883886,249.2840923188864,1,1,2,1,0,warmup,,181
193.1490966854512,183.5950866007243,237.36573538751762,205.1111852799271,248.24369445455363,1,1,1,1,0,warmup,,182
193.95297429973434,184.62449272590862,237.97232379777105,206.38370702473293,247.20427930949353,1,1,2,1,0,warmup,,183
194.90355342407588,185.4235501734129,238.35134876379203,207.65499722523867,246.16584625149744,1,2,1,1,0,warmup,,184
195.79792292606632,186.04192510576976,238.87557108358482,208.9250108577037,245.1283950664411,2,1,2,1,0,warmup,,185
196.4341968955664,186.59288337440682,239.59017732831703,210.19377877561894,244.0919233846489,1,2,1,1,0,warmup,,186
196.844302672708,187.21076011756386,240.31026328857297,211.4613411798939,243.05643094508704,2,1,2,1,0,warmup,,187
197.391980635826,188.00853587088497,240.67590333847252,212.6666135076579,242.02191705496045,1,1,1,1,0,warmup,,188
197.91507800647818,189.0354795065705,240.73124802170665,214.041707757135,240.9883680950055,2,1,0,1,0,warmup,,189
198.28540299147272,190.2347755745214,240.18636426687414,215.31929737196515,239.95581807288542,1,1,0,1,0,warmup,,190
198.3461654239669,191.34562012395247,239.28934203702283,216.63040712456035,238.9242460311033,0,1,0,1,0,warmup,,191
197.906558821163,192.69812650783626,237.9655766714896,217.69970043593932,237.89365864862452,0,1,0,1,0,warmup,,192
197.17325925033649,193.8062336098255,236.62869915435968,218.65425306751519,236.86400634580332,0,1,0,2,0,warmup,,193
196.08399887022907,195.00026731382158,235.25845167967492,219.3309410703443,235.83526590318948,0,1,0,1,0,warmup,,194
194.98341640398115,195.91879178678656,234.150444001671,219.96118851541377,234.8073805795422,0,1,0,2,0,warmup,,195
193.90553860319358,196.7877513022847,232.93288503817544,220.398236736865,233.780341018935,0,2,0,1,0,warmup,,196
192.90325039558368,197.59892723805504,231.7166821565048,221.02635959013412,232.75410776923627,0,1,0,3,0,warmup,,197
191.8895014818359,198.24100375949598,230.50186230209104,221.88065914452002,231.72871846833712,0,2,0,1,0,warmup,,198
190.8474364678732,198.59188443580805,229.28843599361346,222.7531781531447,230.70421781955298,0,1,0,3,0,warmup,,199
190.01580728133453,198.57250913005214,228.0763447124249,223.25661157539145,229.68060885868837,0,0,0,1,0,warmup,,200
189.2527832815534,198.1621814792262,226.86544222717174,223.41206556413997,228.65781728554384,3,0,0,0,0,warmup,,201
188.7769592054369,197.37527159394645,225.6555779408802,222.91948314557104,227.6357721515411,0,0,0,0,0,warmup,,202
188.3099494519201,196.19961129876125,224.44654705093816,222.0995836790756,226.61434476343274,3,0,0,0,0,warmup,,203
187.79767920451405,195.0112300337438,223.23820463004498,220.68738056617246,225.593467831125,0,0,0,0,0,warmup,,204
187.25898105687858,193.7917692756893,222.0304303882593,219.33949494204225,224.57302324145257,3,0,0,0,0,warmup,,205
187.01556176683587,192.80999603023216,220.82322911975373,217.9540798009474,223.55302315170704,0,0,0,0,0,warmup,,206
187.00160053600575,191.72803492675553,219.61664160489912,217.05903810437624,222.53346071536396,1,0,0,0,0,warmup,,207
187.51713577100728,190.64680306136665,218.4107434279314,216.16680429345882,221.56533654297112,1,0,0,3,0,warmup,,208
188.11672965756443,189.5664066062387,217.20553657925566,215.55147144393632,220.45517860128723,1,0,0,0,0,warmup,,209
189.0043549612535,188.48686153859748,216.00107545928822,214.98158050691544,219.42573512514025,2,0,0,3,0,warmup,,210
189.61671880693356,187.40822470003675,214.7973680317362,214.60396088859005,218.36774286370402,1,0,0,0,0,warmup,,211
190.24895467008412,186.33043968745628,213.59445275851147,213.98453764730672,217.51062401554205,2,0,0,2,0,warmup,,212
190.70868984301427,185.2535106621125,212.3922807984986,213.27743649295275,216.74840494248537,1,0,0,0,3,warmup,,213
191.23591463333634,184.17740280067187,211.19083389516703,212.41177575976943,216.26792634145949,2,0,0,2,0,warmup,,214
191.60994371969664,183.1021284420656,209.9900800205469,212.11395738766984,215.6828690738773,1,0,0,0,3,warmup,,215
191.6739527947917,182.08318936709466,208.85121809425232,211.86208114008042,215.28748936535794,0,0,0,1,0,warmup,,216
191.23716438637243,180.90946134209116,207.54208629857334,212.22604407266078,214.84578191385074,0,0,0,3,2,warmup,,217
190.50617475847733,179.82377667310828,206.33004261275502,212.48634672724432,214.2938050659553,0,0,0,1,0,warmup,,218
189.41878516403898,178.70687670549677,205.08393877008857,213.05430957362475,213.9657847090662,0,0,0,0,1,warmup,,219
188.3196100770789,177.80892446369037,204.09040985651686,213.2149060570523,213.90022555330967,0,0,0,1,0,warmup,,220
187.19186975010007,177.01436870218,203.17926068335615,213.43460772582517,214.11749724661223,0,3,3,0,1,warmup,,221
186.28195468688963,176.47151397290034,202.55182744578875,213.19300998326773,214.61828925342937,0,0,0,1,1,warmup,,222
185.28018512036718,175.9700691575534,201.99534958529367,213.30261232856216,215.10221312273748,0,3,3,0,2,warmup,,223
184.2790162628494,175.5879623363133,201.59920703552453,213.1971487006789,215.60761844327035,0,0,0,1,1,warmup,,224
183.2784719008986,175.0861595793399,201.09318432100628,213.41670943347705,216.19163114540217,0,2,3,0,2,warmup,,225
182.27852750365224,174.62835508111746,200.58262457842235,213.25009449567256,216.90206169101785,0,0,0,1,1,warmup,,226
181.27919155071956,173.9715818470582,199.90567738609857,213.40857731179372,217.54765241940459,0,2,2,0,1,warmup,,227
180.28042382830762,173.28365500002442,199.44851163744752,213.35195797094084,218.33703687236985,0,0,0,1,1,warmup,,228
179.2822175489143,172.54902792921237,198.71153897258966,213.58537833603725,219.0740264393257,0,2,2,0,2,warmup,,229
178.28456308595284,172.17203202713137,197.9405749736465,213.46758090115136,219.61618272480266,0,0,0,1,1,warmup,,230
177.33843647033422,172.11644061632546,197.11847923661443,213.54535965086168,220.17644725531554,0,1,2,0,2,warmup,,231
176.25042726438343,172.56480710572706,196.6901752093575,212.9843487480916,220.6553492467734,0,1,0,2,1,warmup,,232
175.2433292452377,173.53133366710443,196.6157921337251,212.5007348753498,221.3499191071003,0,1,1,0,1,warmup,,233
174.20797466072494,174.79266710464762,197.15734833756142,211.86823561550136,222.25446741011015,0,1,1,2,1,warmup,,234
173.3832324689317,176.11418812173505,198.09825529003086,211.52209523129952,223.31698673031053,0,1,1,0,1,warmup,,235
172.6273600550745,177.26439349140392,199.46006484294466,211.05241744049906,224.34953805237572,3,1,1,1,1,warmup,,236
172.10808950889015,177.95732747333741,200.7922781893872,210.826853220015,225.46133315212063,0,2,1,0,1,warmup,,237
171.74049338437305,178.57035096616406,202.2977384096073,210.08727584398278,226.42977074541656,3,1,1,0,1,warmup,,238
171.2063870594772,179.11590613225943,203.45642531280512,209.26179483281618,227.44828734053695,0,2,1,0,1,warmup,,239
170.75002965507107,179.72823988488372,204.7598591966749,208.04203837938385,228.46592605604275,3,1,1,0,1,warmup,,240
170.43052990505515,180.52042125956416,205.81043506526518,206.95654738370544,229.4826080582651,0,1,1,0,1,warmup,,241
170.23139008376128,181.5417384496159,206.77837332120035,205.87248647187803,230.4983615381972,2,1,2,3,1,warmup,,242
170.16996842880584,182.73545227343521,207.45110494177007,205.37673780195456,231.51318727564214,1,1,1,0,1,warmup,,243
169.93482668991595,183.89640791188936,208.08449767888413,204.81626498458195,232.52720340255604,0,1,2,3,1,warmup,,244
169.5853817648634,185.14373685673158,208.55104818409617,204.44883144710033,233.5403975894125,0,1,1,0,1,warmup,,245
168.87442372215025,186.23447434473835,209.10229914266026,203.829021268398,234.5528090513095,0,1,2,2,1,warmup,,246
167.9791748276487,187.37973138796954,209.67906341356547,203.1539323575845,235.56438798326295,0,1,1,0,1,warmup,,247
166.80435822063305,188.52389435790653,210.26116158136378,202.375571942557,236.5242185789946,0,1,2,2,1,warmup,,248
165.69382201541367,189.66690892972542,210.75498506830365,201.96938524326916,237.62575588340277,0,1,1,0,1,warmup,,249
164.80148572906793,190.80877131367959,211.44781220810717,201.61610472984435,238.60490300645264,0,1,3,1,1,warmup,,250
163.8176196743049,191.94956576096246,212.1869649252858,201.99385253813386,239.6362042998129,0,1,1,2,1,warmup,,251
162.83467127519586,193.0892849600019,213.21216101398687,202.41620760585673,240.65066219943614,0,1,1,1,1,warmup,,252
161.8526389291095,194.2279865808684,214.29678362246378,203.2713751064624,241.4749290225595,0,1,1,3,2,warmup,,253
160.87152091470395,195.36568398674822,215.60359732350116,203.7839706474789,241.93561668240932,0,1,1,1,1,warmup,,254
159.89131770984727,196.50242264117142,216.78829798250106,204.34195371217464,241.92780927244198,0,1,1,0,0,warmup,,255
159.5327776545852,198.4566588436447,217.2486074387984,204.46189520211175,240.41306287103282,1,1,0,1,0,dream_agent,-24.500795,256
160.50153920272106,198.69357762855728,215.55071090652552,206.24495680346823,239.5030498990789,1,2,0,1,0,dream_agent,-23.068592,257
162.0649121402484,198.26403363734588,214.40721841023333,207.44565446687997,238.40337573225744,1,2,0,1,0,dream_agent,-22.141676,258
163.0965691354655,198.0511789769086,213.82255984543653,208.7490667363002,236.98340602563613,1,2,2,1,0,dream_agent,-21.0578,259
164.1595448178565,197.83400351839538,213.69135591356905,209.91281734203858,236.12265618426446,1,2,2,1,0,dream_agent,-20.202288,260
165.19144889917862,197.91261976387975,213.80006876343631,211.1558495396006,235.1404028179227,1,2,2,1,0,dream_agent,-19.022219,261
166.13690726239182,197.47951080775397,213.58483882158873,212.08205433317045,234.008225011119,1,2,2,1,0,dream_agent,-17.974934,262
167.1100913358624,197.34539508086047,213.36277861296503,213.49428054041212,233.35488021911706,1,2,2,1,2,dream_agent,-16.620995,263
168.19564751988344,197.061206465574,213.03868492414188,214.9610646634876,233.66569923953458,1,2,2,1,2,dream_agent,-15.458849,264
169.34816701733297,196.9171487350437,212.93545351491835,216.19206630446175,234.0834802455417,1,2,2,1,2,dream_agent,-13.64377,265
170.33384125781336,198.16271796608697,212.74184645745953,217.21659252592923,234.1522271696314,1,1,2,1,2,dream_agent,-12.830134,266
171.09447583972042,198.37729829030027,212.80026403115156,218.51352419147696,233.91059651728204,1,2,2,1,2,dream_agent,-11.690979,267
172.2755570755301,198.35665252283994,212.8200791394622,219.7296319564776,233.46754091841825,1,2,2,1,2,dream_agent,-10.746368,268
173.24736191934102,198.03867524728904,212.67363736160985,221.07746349428996,233.9557901766369,1,2,2,1,2,dream_agent,-10.18182,269
174.36099394777742,198.24294589866142,212.8086884135709,221.77573052067268,233.87665955258566,1,2,2,1,2,dream_agent,-9.49904,270
175.15762533549832,198.4147904878753,212.38855773770086,223.26179767611018,234.15546240275918,1,2,2,1,2,dream_agent,-8.56934,271
176.35191020359707,198.50397600735246,212.60418358251096,224.27239348605366,234.15933245769483,1,2,2,1,2,dream_agent,-7.6115437,272
177.40852366338612,198.00828151532178,212.4976726719458,225.1739564129902,233.9136514568632,1,2,2,1,2,dream_agent,-6.856184,273
178.68874482637108,198.36232043954945,212.43731709107823,226.11515142601823,233.87402841012968,1,2,2,1,2,dream_agent,-6.154869,274
179.56234698609856,198.21124833203007,212.78462160885388,227.83738768056566,233.80103735626201,1,2,1,1,2,dream_agent,-5.7398663,275
180.3908192863033,198.03191261836108,213.34576154810665,228.27251412886594,232.9439360670405,1,2,2,2,0,dream_agent,-5.0738673,276
181.61237406434654,198.0534590311909,213.51433625380326,227.66656564796756,232.65944373480735,1,2,2,2,2,dream_agent,-4.506953,277
182.40766632974993,197.4420912308634,213.54543110703403,228.1122475377495,232.73201311874047,1,2,2,2,2,dream_agent,-4.071428,278
182.83857686574456,197.37959006318115,213.48016900410283,227.55797966490252,232.2310990990798,2,2,2,2,2,dream_agent,-3.8349571,279
183.13844933064783,197.63109824776296,213.18939292537846,227.30105186159653,232.12346265395053,2,2,2,2,2,dream_agent,-3.7260036,280
182.47467528745017,197.23685879426407,213.23225458429587,227.80925484183,232.5389350727945,2,2,2,1,2,dream_agent,-3.7873063,281
182.56360990278753,197.76758823723043,213.05541910339767,228.1656861953208,232.14899624269918,2,2,2,2,2,dream_agent,-3.6824765,282
182.82041027149705,197.55184269970104,213.4697320935976,228.18070890306188,232.84755304208028,2,2,2,2,2,dream_agent,-3.5227518,283
183.39656137004022,197.15000903781805,213.32788531984403,227.73517838607424,232.62660280108156,1,2,2,2,2,dream_agent,-3.7823696,284
183.5293722752914,197.43223277928223,213.38905935017016,228.21839145398883,232.54969736371314,2,2,2,2,2,dream_agent,-4.0242386,285
183.04334341963246,197.51884403642478,213.01618604189193,228.03645881721468,232.20266623612406,2,2,2,2,2,dream_agent,-4.266513,286
183.55769115125068,197.2543975527622,213.48442391658196,227.71270095018073,232.41015416522453,2,2,2,2,2,dream_agent,-4.6120996,287
183.24380785758828,197.45652595171958,213.28305967021637,227.84345059507444,232.314827347173,2,2,2,2,2,dream_agent,-4.8820996,288
183.45965931925664,197.77481601695152,213.2355398840209,227.36197696157265,232.42041857220542,2,2,2,2,2,dream_agent,-5.208564,289
182.99200638917085,197.5174221765258,212.7916669720695,227.50996072557874,232.50896796862764,2,2,2,2,2,dream_agent,-5.798389,290
182.72499667447215,197.35583229145436,212.87107494915784,227.10102736977026,232.1436524356092,2,2,2,2,2,dream_agent,-6.278803,291
183.21174534762707,197.5670434038109,213.07295527913678,227.66333867029724,232.32509943591077,2,2,2,1,2,dream_agent,-6.672346,292
182.6320995838255,197.71861577711044,213.20426502964463,228.1617544241614,232.35108336191558,2,2,2,2,2,dream_agent,-6.824604,293
182.46707878188334,197.5939895718754,212.9939059074957,228.23733199079402,231.98294206858156,2,2,2,2,2,dream_agent,-6.6547236,294
183.11510356722422,197.3743850512401,212.3530547974098,228.03818843269036,232.45883507617026,1,2,2,2,2,dream_agent,-6.5040264,295
183.56744280390188,196.8514172332232,213.115898994155,227.94761653702437,231.88734711372643,2,2,2,2,2,dream_agent,-6.2769165,296
183.29845207675473,197.1911542234256,212.690956846675,227.90288086316187,231.86939240585338,2,2,2,2,2,dream_agent,-6.1298914,297
183.11527440272508,197.6647035392549,212.89219296647104,227.1646417854789,232.02268308013166,2,1,2,2,2,dream_agent,-6.0479245,298
182.8713380413585,198.2746574112796,213.0017840264789,227.32000776694338,232.09518162913,2,2,2,2,2,dream_agent,-5.632779,299
182.63713715513228,198.24211443188796,212.68449481985803,227.07729164223622,231.88752185273876,2,2,2,2,2,dream_agent,-5.285179,300
182.63952558641788,198.11225291352346,212.93818662508954,228.04243168489836,232.24981119968083,2,2,2,1,2,dream_agent,-5.2786164,301
183.36667059205507,198.20739063660866,212.8183513279328,228.4011007371045,232.08153706763832,1,2,2,2,2,dream_agent,-5.310057,302
183.53189796351097,197.54396170535043,212.511475890646,228.20045957560737,231.91670802607328,2,2,2,2,2,dream_agent,-5.2523932,303
183.6109474199199,198.1507228151813,212.78427392472682,228.30227968780153,231.59722831719665,2,2,2,2,2,dream_agent,-5.231072,304
183.60367550482047,197.92274676740826,212.69956747170616,228.0489374286925,231.7916785618885,2,2,2,2,2,dream_agent,-5.370664,305
183.04593854815306,197.87588064605058,212.35516068534744,227.80775756048325,231.7262594648838,2,2,2,2,2,dream_agent,-5.471534,306
183.2732129799897,198.01790794678925,212.91575326238006,227.969329493227,231.852092318228,2,2,2,2,2,dream_agent,-5.2760363,307
182.75785189122968,197.99496625867923,212.815920557668,227.53580428215562,231.7702297196097,2,2,2,2,2,dream_agent,-5.151888,308
182.62212501182822,197.8725083422811,212.66530334894557,227.91525846239284,231.58624894112256,2,2,2,2,2,dream_agent,-4.8274865,309
182.03939621438008,197.78505717445128,212.46959354668058,227.70116311842312,231.31088317459145,2,2,2,2,2,dream_agent,-4.7481,310
182.76480013747593,197.9277784636393,212.82570814841992,227.66750268161104,231.26543516259966,1,2,2,2,2,dream_agent,-4.8418355,311
183.04734388110393,197.92381615253285,212.64815670195762,227.48965959114383,231.48234600005895,2,2,2,2,2,dream_agent,-5.125089,312
183.1023094635403,197.8935116040882,212.82179919354888,227.01467215628557,230.6850988591933,2,2,2,2,2,dream_agent,-5.626122,313
183.59654279304647,197.79676809600255,212.86684596358003,227.79882542596653,231.62873581863312,2,2,2,1,1,dream_agent,-6.368957,314
183.06737795037634,197.6490560709039,212.21002964926907,228.02956668746654,231.98732309347128,2,2,2,2,2,dream_agent,-6.4894485,315
183.04813608466392,197.75910484927417,212.29685788352072,228.4561074293127,231.82306351364318,2,2,2,2,2,dream_agent,-6.628439,316
182.94483340770228,197.57074803816505,212.65350768974764,228.0962308469722,232.14863091920057,2,2,2,2,2,dream_agent,-6.7061973,317
182.99661746370643,197.80363240107297,212.33694715459697,227.61796439450916,232.3288218380833,2,2,2,2,2,dream_agent,-6.8446097,318
182.88996862311205,197.65182437132302,212.59855155041146,227.74609855546052,231.70147668502455,2,2,2,2,2,dream_agent,-6.67083,319
182.59363633396003,197.52224409053727,212.31487688749183,227.88958181515653,232.0088507863138,2,2,2,2,2,dream_agent,-6.6124253,320
182.24664602108118,197.65114184257897,212.49692551221258,227.53245154997722,231.86094879907486,2,2,2,2,2,dream_agent,-6.363248,321
182.87893981756136,197.40082754273988,211.89559704164853,227.53722638032133,231.42618922798349,1,2,2,2,2,dream_agent,-6.138193,322
183.13226757746662,197.59693254476582,213.1968969158821,227.70341049435342,231.7260671394246,2,2,1,2,2,dream_agent,-6.009423,323
182.65875377395093,197.69515587348613,213.4792220865302,227.71091075883697,231.07185192022476,2,2,2,2,2,dream_agent,-5.4636097,324
182.62180468379213,198.0169275839944,213.53962896385818,227.32877505706418,231.20423161251964,2,2,2,2,2,dream_agent,-5.169739,325
183.00255206071728,197.82589103988505,213.87431746041554,227.23114938067874,231.79910273562706,2,2,2,2,1,dream_agent,-5.0100846,326
182.22993630612044,198.02999163260904,213.55959030076053,227.90775493821562,232.26790521748222,2,2,2,1,2,dream_agent,-5.0287213,327
182.7507478401029,197.85210864485754,213.35397507933945,228.04846274105503,232.1050051937948,2,2,2,2,2,dream_agent,-5.2021017,328
183.42049645154987,197.71763830041286,213.34181036849395,228.07854582964623,232.52851213424668,1,2,2,2,2,dream_agent,-5.600256,329
183.4263294540974,197.6233478133213,213.41271049800915,228.42835609021185,232.13373236259764,2,2,2,2,2,dream_agent,-5.903364,330
183.10130546198968,197.46934472435987,213.2034971452525,228.34974547466237,232.09068481343542,2,2,2,2,2,dream_agent,-6.1440597,331
182.79868532484906,198.15214168119778,213.312388182666,228.08662062601772,232.0258124560717,2,2,2,2,2,dream_agent,-6.196768,332
182.80058158007168,197.66975401034148,213.17366816582899,228.03852752640972,232.19972308511666,2,2,2,2,2,dream_agent,-6.1587014,333
182.65276640016467,197.75563222645297,213.4244139412927,227.70199583090158,231.64275084619746,2,2,2,2,2,dream_agent,-5.889638,334
182.6282038694832,197.65879917430672,213.23865715672136,227.23761069803578,231.70774334922433,2,2,2,2,2,dream_agent,-5.776559,335
181.72012248757594,197.9138203505773,213.66952878609257,227.46827754955177,231.90827543401213,2,2,2,2,2,dream_agent,-6.064199,336
182.4689480495692,197.4790794823113,213.002055827219,228.4021319781518,231.737715452843,1,2,2,1,2,dream_agent,-6.5367756,337
182.7504095422795,197.70251208724898,213.42154646820052,228.5445184411544,231.6910192681717,2,2,2,2,2,dream_agent,-6.428542,338
182.79194863310417,197.54130933604017,212.5548134470763,228.70129707519143,231.56700224655302,2,2,2,2,2,dream_agent,-6.2930956,339
183.0737711132585,197.57011042242362,213.18198228156717,228.0794949495227,231.70735326361057,2,2,2,2,2,dream_agent,-6.2900915,340
182.75675861537974,197.60994022903316,213.33693112159295,228.51643395482122,231.6190368271367,2,2,2,2,2,dream_agent,-6.360341,341
183.11513715849202,197.74032673998374,212.85803792175827,227.53589466651292,231.6798428142986,2,2,2,2,2,dream_agent,-6.5337234,342
183.006304031305,197.39894707727973,212.8955186014537,227.86826411252588,231.46316180536078,2,2,2,2,2,dream_agent,-6.767697,343
182.4692316203361,197.0767707501042,213.0421137825092,227.87183990895787,231.3438469367369,2,2,2,2,2,dream_agent,-6.7050014,344
182.34950586715505,197.27488688000395,213.01874757168835,227.59731562832593,231.88352151904203,2,2,2,2,1,dream_agent,-6.6179266,345
182.20162387038056,197.28420190741778,212.91513249470526,227.42723806257487,232.43277716066603,2,2,2,2,2,dream_agent,-6.416501,346
182.76181397682944,197.2137260305252,212.63179889272234,227.49729749865233,232.0739988209135,1,2,2,2,2,dream_agent,-6.1850605,347
183.54170941639828,197.21862961416068,212.3258678396235,227.67395319263613,231.5950177466783,2,2,2,2,2,dream_agent,-5.7498813,348
183.28901338699862,197.16986622087728,212.69747468824667,227.30568082583693,232.0822152466319,2,2,2,2,2,dream_agent,-5.4675674,349
183.47738965849538,198.1722918282131,212.63370923566657,228.06813157197618,231.78803009567017,2,1,2,1,2,dream_agent,-5.5195017,350
183.32248564164965,198.6001728353069,212.12272650835956,228.3377607635831,231.3757062730679,2,2,2,2,2,dream_agent,-5.2049203,351
182.68064076220114,198.35328545585244,212.07497050751874,228.30705515680057,231.64916850450496,2,2,2,2,2,dream_agent,-5.0065203,352
182.6635322064304,198.46719078428936,212.2118228662767,228.43104133217588,231.1748463848856,2,2,2,2,2,dream_agent,-4.9878783,353
182.8466748852068,198.44244462385842,212.4907554371449,228.28176750350875,231.28395244491975,2,2,2,2,2,dream_agent,-5.1901402,354
182.38570822393058,198.14714479915915,212.5083785088136,227.9597177570134,232.0149073421791,2,2,2,2,1,dream_agent,-5.6053724,355
182.37300097519974,198.24582872094496,212.48877759847372,228.02947625538303,232.08942353179364,2,2,2,2,2,dream_agent,-5.9109435,356
182.48500836831144,197.84722031988946,212.9194386783685,227.95859285970118,232.39160466695773,1,2,2,2,2,dream_agent,-6.6472573,357
182.91522146379313,198.11262010517424,212.97166668956433,227.85937717837868,232.33796660847148,2,2,2,2,2,dream_agent,-6.8598166,358
183.07939595401177,197.85221299188999,212.59335620773467,227.8444327795835,232.31958148944162,2,2,2,2,2,dream_agent,-7.075756,359
182.7221154918178,198.073941143009,212.73422882523752,227.53914845498664,231.94439135609008,2,2,2,2,2,dream_agent,-6.8600755,360
182.962846209444,198.38555603565825,213.0650012915289,227.24911764557413,232.4373735128349,2,2,2,2,2,dream_agent,-6.6093802,361
182.88882453972982,197.86208806092867,213.05848608706737,227.5009706182142,232.32101728466,2,2,2,2,2,dream_agent,-6.183904,362
182.3203190586367,197.8052291336519,212.73258890288642,228.2532782155399,232.5962096094178,2,2,2,1,2,dream_agent,-6.0432963,363
182.19059787468402,198.3828195020455,212.36141544622984,228.7659106889594,232.17176045133635,2,2,2,2,2,dream_agent,-5.8888297,364
182.40278776847867,198.01536380407057,212.7745364636564,228.44358103906077,232.36587991280697,2,2,2,2,2,dream_agent,-5.701058,365
182.69018621472503,197.7970917715112,212.43594959809386,228.4263868427213,232.2483353500055,1,2,2,2,2,dream_agent,-5.736769,366
183.05298282522816,197.85717392110186,212.48032468204093,228.36939011455738,232.02265974798016,2,2,2,2,2,dream_agent,-5.6650496,367
182.89003688323126,197.51968387839355,212.24796721843256,228.11876785635536,231.95634597672588,2,2,2,2,2,dream_agent,-5.470377,368
183.1828865698618,197.09943001208936,212.31533087365935,228.12065212274706,232.16907341020132,2,2,2,2,2,dream_agent,-5.3603263,369
182.76570809764803,197.5412626001175,212.08339826477396,227.79490881524387,231.94153358540854,2,2,2,2,2,dream_agent,-5.555558,370
182.84652197002814,197.45329107425607,212.7853757272651,227.89855335268115,232.65680621059124,2,2,2,2,2,dream_agent,-6.1344366,371
183.08488135602363,197.68237931611554,212.63991644930906,227.71081340219598,232.21743116104642,2,2,2,2,2,dream_agent,-6.599476,372
182.57534828082584,197.7921884014908,212.23396342684998,227.54064486331222,231.79354549656244,2,2,2,2,2,dream_agent,-7.1729145,373
182.36526193086874,197.60138308426335,212.61435302768746,227.46954234774893,232.04616537211007,2,2,2,2,2,dream_agent,-7.5242987,374
182.38279393349262,197.371660256822,212.30169896113173,227.27027454882796,231.98208062376008,2,2,2,2,2,dream_agent,-7.638896,375
183.20379994150647,197.30692856455784,212.42467663519082,227.54663831107138,231.98045083660594,1,2,2,2,2,dream_agent,-7.7185917,376
183.21649826164298,197.10085166232724,212.6579697866218,227.83801645558705,231.9446523434567,2,2,2,1,2,dream_agent,-7.6035213,377
183.37398684110923,197.58422235441512,212.3475807627693,228.2854544875728,231.9410779983503,2,2,2,2,2,dream_agent,-7.19464,378
183.06876721066507,197.31917738185282,212.3996670742854,228.18611857108658,231.8469346058011,2,2,2,2,2,dream_agent,-6.7282434,379
183.32015138200578,197.45180484119538,212.96918972049613,227.83982327612853,232.00118094476684,2,2,2,2,2,dream_agent,-6.368402,380
182.30670293330957,197.234140467913,212.79022504838542,227.95363359644935,231.75867995293336,2,2,2,2,2,dream_agent,-5.903035,381
182.7813401863042,197.22640207328936,212.75047964658953,227.68850717523338,231.59701695194505,2,2,2,2,2,dream_agent,-5.6353703,382
182.45703269531944,197.28115868595694,212.9775741425185,227.53126448962507,231.95438452565992,2,2,2,2,2,dream_agent,-5.4533896,383
182.69723339632364,197.2459573368625,212.90357167434783,227.21662401042516,231.56024729665683,1,2,2,2,2,dream_agent,-5.733139,384
183.50960229490187,197.06257349622703,212.9605167040115,227.43522335781745,231.58081543807285,2,2,2,2,2,dream_agent,-5.7731934,385
183.30312133051459,197.4893706851325,212.18581986546192,228.14661582487486,231.62337780791643,2,2,2,1,2,dream_agent,-6.0067053,386
183.07728390708965,197.10085619627537,212.5430850695878,228.21001672411077,231.19149539184684,2,2,2,2,2,dream_agent,-6.030265,387
183.31077032275198,197.0390241418695,212.59066511571007,228.0599428843382,231.3653240933316,2,2,2,2,2,dream_agent,-6.1498094,388
183.11684070429706,197.44585224385,212.77577931619103,228.2315902491943,231.0888359008978,2,2,2,2,2,dream_agent,-6.367334,389
183.11878703811968,197.41565758403596,212.56067197771495,227.51848565469848,231.7578273133006,2,2,2,2,1,dream_agent,-6.713401,390
182.48731714114524,197.21088350165346,212.37621977859223,227.9840839306344,232.17720736341363,2,2,2,2,2,dream_agent,-6.948146,391
182.58851179475238,197.58611896742886,212.22742667416082,227.55214263430003,232.2854277847179,2,2,2,2,2,dream_agent,-7.2114916,392
182.49829530576739,198.03679592947387,212.59848968788307,227.92770791114626,231.8579236119658,2,2,2,2,2,dream_agent,-7.2565517,393
182.3052490136869,197.47371799040994,212.451036933328,227.37333874699414,231.89891501073873,2,2,2,2,2,dream_agent,-7.068866,394
182.95630346378195,197.31348857618158,212.37522466905145,227.3697171911674,231.7525636452374,1,2,2,2,2,dream_agent,-6.794816,395
182.94368163757338,197.24742564484995,212.4687283193128,227.35075049605092,231.49996250567332,2,2,2,2,2,dream_agent,-6.609863,396
183.0205146249569,196.99057327423057,211.8628529098752,227.62082874096254,231.54479200056502,2,2,2,1,2,dream_agent,-6.637966,397
183.11882110830015,197.38375325987408,211.73798870504197,228.17669132616027,231.59063673444092,2,2,2,2,2,dream_agent,-6.348833,398
183.02689808203485,197.02316879938374,211.65364927250445,228.38127689736675,231.63894133472397,2,2,2,2,2,dream_agent,-6.2739263,399
182.90731179217607,197.1791922441603,212.71963522026124,228.63427522792836,231.5508791722497,2,2,1,2,2,dream_agent,-6.3475385,400
182.68149490315466,196.82914028757412,213.4648015031507,228.13656215448225,231.3780048263737,2,2,2,2,2,dream_agent,-6.1318183,401
182.74599859712893,197.35728460883647,213.2307029904177,228.30330829465,231.64245833741916,2,2,2,2,2,dream_agent,-6.163451,402
183.34156157103288,197.76212241545434,213.29898508771683,228.1628870362653,231.63630886963844,1,1,2,2,2,dream_agent,-6.521331,403
183.42953787742988,197.864247611362,212.9678294079904,228.09762683275937,231.7696074304518,2,2,2,2,2,dream_agent,-6.126785,404
183.20838482933706,198.3908959330806,213.1015973060356,228.31726829509213,231.36319894377115,2,2,2,2,2,dream_agent,-5.7213187,405
183.1840251968735,198.45767081659463,213.18885901033687,227.63349096554452,232.24051390846407,2,2,2,2,1,dream_agent,-5.361344,406
183.0166554902882,198.1154684449982,212.8796637086799,227.58220286385983,232.06004236080406,2,2,2,2,2,dream_agent,-5.108096,407
182.92280770301258,197.97573373867198,213.0754754219747,227.84589715992462,232.01011501935494,2,2,2,2,2,dream_agent,-4.9118276,408
182.98726161524777,197.90974614664688,213.39870240219955,226.95346152713148,232.5703922830453,2,2,2,2,2,dream_agent,-4.995698,409
182.43236367659958,198.27971557114898,213.70354409552286,228.02756962872596,232.47819367431063,2,2,2,1,2,dream_agent,-5.185038,410
183.0554462158597,197.85779546988564,213.39037057880026,228.03444370634608,232.7180764578871,2,2,2,2,2,dream_agent,-5.5033097,411
182.31437159489337,197.92774185722843,213.4755096330511,228.25376708362208,232.35988481275854,2,2,2,2,2,dream_agent,-5.883902,412
182.51310529341288,197.45671449189405,213.0282655630847,227.73247873514632,232.37752828424766,2,2,2,2,2,dream_agent,-6.2765403,413
182.20417303032704,197.5401369140073,213.07878994234386,228.12093161514971,232.2757172665751,2,2,2,2,2,dream_agent,-6.705942,414
183.0209761191,198.03266787638725,213.06364727105048,227.56283041990736,232.43516552771393,1,2,2,2,2,dream_agent,-7.1055174,415
183.27036881857276,197.83074833564345,213.1593555950272,227.5877690869005,232.21365371150958,2,2,2,2,2,dream_agent,-7.0258923,416
183.41422079970314,197.5291812075047,213.37019335940462,227.610336459409,232.33788980379228,2,2,2,2,2,dream_agent,-7.0898275,417
182.9630724947387,197.99257016983137,213.03100906579854,227.3379983962309,232.2378808381676,2,2,2,2,2,dream_agent,-6.9554033,418
183.09365377550873,198.01149790136867,213.2125601148004,227.14717335245413,232.52335328626341,2,2,2,2,2,dream_agent,-6.770016,419
182.79171675847172,197.52501183280998,213.30473924260346,228.353895687019,232.34131397592458,2,2,2,1,2,dream_agent,-6.5735292,420
182.97979682057405,197.48529489242378,213.15696941348014,228.8780481160225,232.5931262383159,2,2,2,2,2,dream_agent,-6.266667,421
182.98399521975804,197.68879206135992,213.10434821444383,228.3590362752196,232.10989864818072,2,2,2,2,2,dream_agent,-6.101605,422
182.236776113916,197.58826048322024,213.3742859524162,228.07762638983738,232.19643459291473,2,2,2,2,2,dream_agent,-6.128276,423
182.4345508578476,197.6933889515579,213.10335929296565,228.2026160131348,232.3471871071972,2,2,2,2,2,dream_agent,-6.3423796,424
183.00483822052968,197.41591632000245,212.92124584249447,228.06431826484115,232.0482241774136,1,2,2,2,2,dream_agent,-6.7850375,425
182.71898731965982,197.43663007962198,212.90805094780526,227.9582805833764,231.90999787338671,2,2,2,2,2,dream_agent,-6.8154106,426
182.87648895185498,197.37729490692516,212.89987591199298,227.85558521222836,231.82029192413276,2,2,2,2,2,dream_agent,-6.80532,427
182.81331684932772,197.63955151610747,213.24414672293133,227.84467255207718,231.94900389823553,2,2,2,2,2,dream_agent,-6.8177085,428
182.5715188111234,197.53557178247854,212.5497675251416,227.62084431269935,231.52000070558435,2,2,2,2,2,dream_agent,-6.7156687,429
182.3581412165273,197.53738096341138,212.84079347511693,227.30233683658204,231.7286738616515,2,2,2,2,2,dream_agent,-7.0089865,430
182.45065063949806,197.7254248317262,212.72009628400272,227.0466080833479,231.5428491464332,2,2,2,2,2,dream_agent,-7.0909233,431
182.63313514601865,197.34529974613952,212.57724794266147,227.2080350620207,231.53015715768566,1,2,2,2,2,dream_agent,-7.0761375,432
182.85259131445852,197.43722492627387,212.78022495729516,227.8943787962048,231.36767841408502,2,2,2,1,2,dream_agent,-6.6950088,433
183.1169553929191,197.62511441940083,212.84042201220296,227.86150774469925,231.30191995744408,2,2,2,2,2,dream_agent,-6.264495,434
182.72071867766232,197.3068133332462,212.4390295281965,227.94831656237702,231.80216208258264,2,2,2,2,1,dream_agent,-5.955142,435
182.2302208825535,197.25423648365745,212.69571817621124,228.09024399397688,232.24449939803864,2,2,2,2,2,dream_agent,-5.6918755,436
182.28305962890653,197.05322477354528,212.47270831826967,228.04903582307878,231.98581787460452,2,2,2,2,2,dream_agent,-5.5589366,437
182.65419428357814,197.36681568445758,212.7819116794408,227.90409418718906,232.10632990548535,1,2,2,2,2,dream_agent,-5.602389,438
182.8967271627144,197.37451482627574,212.4978494357269,227.8339631041106,231.86359658495462,2,2,2,2,2,dream_agent,-5.4901342,439
183.61096606411036,197.3114597633536,212.82311846664578,227.54312562490725,231.81316911823978,2,2,2,2,2,dream_agent,-5.5633807,440
183.21085151959247,197.1187049566658,212.20045193504552,227.36616686515762,231.7554158076254,2,2,2,2,2,dream_agent,-5.545441,441
183.21572434253193,197.56674996416106,212.48928853892912,227.65518008787257,231.65582382887365,2,1,2,1,2,dream_agent,-5.936937,442
183.09321413664938,197.96146774713492,212.41163344561633,228.23607800097153,231.57306732573156,2,2,2,2,2,dream_agent,-5.9544964,443
182.77243700618706,198.29178696570472,212.2450283687256,228.31066923744518,231.89977302890725,2,2,2,2,2,dream_agent,-5.939023,444
182.43860625945922,198.61181941708972,212.10975951196474,228.52379866559673,231.4519602938511,2,2,2,2,2,dream_agent,-5.7681885,445
182.80659245919182,198.82186648986988,212.37518319588568,228.8935983992311,231.1640370490833,2,2,2,2,2,dream_agent,-5.9560633,446
182.7070828273523,198.14512937922902,212.55357335932158,228.17239114281236,231.58938090189596,2,2,2,2,2,dream_agent,-6.1521096,447
182.6210469723794,198.29951717826268,212.4976810315817,228.20465511881352,232.004284247621,2,2,2,2,1,dream_agent,-6.5191884,448
182.77633417700733,198.0371457346489,211.81620654481347,228.2213042962113,231.9365655565332,1,2,2,2,2,dream_agent,-6.5251856,449
183.31897561226262,198.1852607393325,212.24159600653758,227.8578912188031,232.3448085325605,2,2,2,2,2,dream_agent,-6.289172,450
183.34251821646947,198.11646029387896,212.13091515601084,227.9833380060001,232.45951496321373,2,2,2,2,2,dream_agent,-6.1734066,451
183.06581873529188,198.61845443056836,212.26459850740142,227.98425777205136,232.49957679219156,2,2,2,2,2,dream_agent,-6.126747,452
182.86821633850772,198.06550625853683,212.0235704538651,227.6870878779309,232.36375950471435,2,2,2,2,2,dream_agent,-6.120652,453
181.95522175557826,198.29903476904866,212.10593502513257,227.5577740028671,231.90558915825687,2,2,2,2,2,dream_agent,-6.158283,454
182.69982050873355,198.43314587421554,212.52626280418443,227.1458097522821,232.29809931576796,2,2,2,2,2,dream_agent,-6.240394,455
182.0675849309779,198.26974100312881,212.25628561318928,227.3391272866357,232.2592681540371,2,2,2,2,2,dream_agent,-6.466991,456
183.04471805196252,198.20171384131586,212.44149232970463,227.85292307890356,231.7349975765221,1,2,2,1,2,dream_agent,-6.5807753,457
183.0364004165566,198.3465348737487,212.20168441612128,228.2654422165197,231.70317413297818,2,2,2,2,2,dream_agent,-6.4962463,458
182.88941869521148,198.5911425080784,211.57055855964038,228.3328809314921,232.04340622045726,2,2,2,2,2,dream_agent,-6.167355,459
182.6965401531444,198.0231585106556,212.91574746534124,228.55935049469892,231.7605326343228,2,2,1,2,2,dream_agent,-6.037476,460
183.17838472309268,198.3375969113898,213.22604834077325,228.12684508672766,231.78881256478888,2,2,2,2,2,dream_agent,-5.647237,461
182.87480822167632,198.36750144994815,213.42946705908028,227.95534319182352,231.75875719943764,2,2,2,2,2,dream_agent,-5.3996177,462
182.26661784639342,198.29312415054082,213.58770348953385,227.59775795728186,231.80771568066064,2,2,2,2,2,dream_agent,-5.4755096,463
182.88303282389484,198.4774291512476,213.27046085900238,228.23672225436528,231.432093128076,1,2,2,2,2,dream_agent,-5.586581,464
183.33657942838815,199.09452200635383,213.26800561111278,227.77041058140603,231.01637382695918,2,2,2,2,2,dream_agent,-5.605531,465
183.47383784904548,198.41095714939968,213.42034960408589,227.72624626762482,231.06359759711188,2,2,2,2,2,dream_agent,-5.407174,466
182.9301224665079,198.2367726294303,213.2542515758288,227.36760047551306,231.1959428135679,2,2,2,2,2,dream_agent,-5.371119,467
182.8667739740082,198.51872768290463,213.18920153576437,227.58303912779616,231.96161434531984,2,2,2,2,1,dream_agent,-5.4125004,468
182.72501111391713,198.6332596926575,213.31884901494604,228.08064212436253,232.36414488262372,2,2,2,1,2,dream_agent,-5.494135,469
182.93771120156737,198.76173262967865,213.16265885575706,228.07747529081877,232.59110919370886,2,2,2,2,2,dream_agent,-5.6444554,470
182.76356834248358,198.56985312939517,213.09633918544185,228.26316709596912,232.49149038627274,2,2,2,2,2,dream_agent,-5.8832116,471
182.55321945269515,198.3111781775902,213.2817873655616,228.3191430574639,232.5897503364788,2,2,2,2,2,dream_agent,-6.2305064,472
182.16242815644947,198.34178952879986,213.24200639020293,228.15585651031262,232.19892656845985,2,2,2,2,2,dream_agent,-6.5704346,473
183.00296126705962,198.19808626646537,213.4971202589435,228.2039872239229,232.53993094195323,1,2,2,2,2,dream_agent,-6.5282507,474
183.65279836549203,198.23893169581712,213.37771263766194,227.99986958872043,232.04306797316488,2,2,2,2,2,dream_agent,-6.173051,475
182.94730220731725,198.2257481223797,213.34036743990745,228.49321559687866,231.80545686624743,2,2,2,2,2,dream_agent,-5.7604537,476
183.02679483895952,198.37630437420356,213.51846720243114,228.10169817462875,231.84396085841735,2,2,2,2,2,dream_agent,-5.419466,477
182.78806924879243,198.763351346633,213.12880768173926,228.05273751702873,231.96441123801858,2,2,2,2,2,dream_agent,-5.262468,478
183.13363983299018,198.42820778130758,213.3295778428293,227.41334912465356,231.76053555842793,2,2,2,2,2,dream_agent,-5.4239902,479
182.6565405051796,198.31580323656235,212.6295687526777,227.45215023620335,231.542717765553,2,2,2,2,2,dream_agent,-5.617235,480
182.48163964662825,198.35331772356344,213.031205028103,227.66456258452192,231.86905138419897,2,2,2,2,2,dream_agent,-5.811215,481
182.38610393310475,198.3002848267778,212.6650165773479,227.8021346936691,231.86944936439,2,2,2,1,2,dream_agent,-6.1818666,482
181.96734982701705,198.29676382534737,212.31135437734304,228.1826868707021,231.34797224508364,2,2,2,2,2,dream_agent,-6.151588,483
182.83737366096287,198.22661871350718,212.7336584828682,228.08425239215308,231.69938616618722,1,2,2,2,2,dream_agent,-6.3663063,484
183.16063818230444,198.01625495980724,212.55128619037816,228.52889003666988,231.50893889259532,2,2,2,2,2,dream_agent,-6.413639,485
183.0586431291359,198.3347570831755,212.30726080008824,227.8201527266525,230.90444712241757,2,2,2,2,2,dream_agent,-6.5765142,486
183.04365647025415,198.46907561933227,212.29426036310832,227.86062737596455,232.29755080487794,2,2,2,2,1,dream_agent,-6.607989,487
182.952129156787,198.81827980021782,212.28979336265724,227.7030708344809,232.34018786178066,2,2,2,2,2,dream_agent,-6.7644176,488
182.32878930620961,198.27548472403635,212.60803905510298,227.44803572333197,232.1716573102708,2,2,2,2,2,dream_agent,-6.9686856,489
182.3091365584059,198.5664737986308,212.4767742303716,227.38052978883735,232.43780254184287,2,2,2,2,2,dream_agent,-7.103676,490
182.86036679776421,198.09616036736367,212.79585436086182,227.28167685091157,232.1081461043273,1,2,2,2,2,dream_agent,-7.1085043,491
183.1786811418184,198.32184070400663,212.10065876695586,226.97631779707055,231.6577784099964,2,2,2,2,2,dream_agent,-6.7088566,492
182.98628987114714,198.00116085271216,212.32946456722314,227.86961542622691,232.11821000783388,2,2,2,1,2,dream_agent,-6.7661138,493
183.11192579415163,198.48354519723256,212.65208386264015,228.50713358879887,231.81949094712593,2,2,2,2,2,dream_agent,-6.6538,494
183.0133715821059,198.35164279661342,212.53530505778178,228.6675813027824,231.72528637717144,2,2,2,2,2,dream_agent,-6.6234517,495
182.59736734938485,197.8919913901159,212.393001633018,228.61237148938878,231.6202503196801,2,2,2,2,2,dream_agent,-6.46953,496
182.51670074448216,197.91169399272783,212.30761653626183,228.2266589147088,230.8747329715332,2,2,2,2,2,dream_agent,-6.2884235,497
182.0401984564146,197.9852844602481,212.43533251255022,228.11871558899676,231.7969440864237,2,2,2,2,1,dream_agent,-6.1230364,498
182.16723020157897,197.78091280294248,212.16490052369625,228.30910210351595,232.15202412893734,1,2,2,2,2,dream_agent,-5.790421,499
183.23601063050498,197.909265199943,212.4852798387141,227.84397454628566,232.5169892483972,2,2,2,2,2,dream_agent,-5.4596443,500
183.06064938141316,197.48975649322833,212.15184098254753,227.76471208839308,231.93516734214757,2,2,2,2,2,dream_agent,-5.501257,501
182.95513353741018,197.43857602034853,211.65342174650766,228.25064890950023,232.23881819674514,2,2,2,2,2,dream_agent,-5.8393326,502
182.66953112261976,197.50178147723537,212.16982101985573,227.7887051260461,231.91999736832295,2,2,2,2,2,dream_agent,-6.365484,503
182.41239610594306,197.44137673005136,212.0481604042304,227.71993966541794,232.01902253991244,2,2,2,2,2,dream_agent,-6.6283245,504
182.63873859857972,197.37603238242238,213.12216779671263,227.12614338357918,231.95552175847214,2,2,1,2,2,dream_agent,-7.0506334,505
182.38123807422926,197.65053263702927,213.91399046549876,227.72024993646627,231.75493452306426,2,2,2,2,2,dream_agent,-7.1832113,506
182.46526832515704,197.3258290203204,213.80475706872852,227.4798887446879,231.95466664620093,2,2,2,2,2,dream_agent,-7.1338673,507
183.17816552628793,197.9042450225737,213.50438345774526,227.1143324333339,231.81347428380855,1,1,2,2,2,dream_agent,-7.356415,508
182.83988777883914,198.317818250037,213.30429875464114,228.20189189380213,231.50615865315808,2,2,2,1,2,dream_agent,-6.8608027,509
182.72296599123032,198.4819974582508,213.65156280692034,228.4188222805356,231.9467579735977,2,2,2,2,2,dream_agent,-6.610696,510
183.00147956898263,199.02458639135838,213.79660449382837,228.37930550246935,231.9779887212531,2,2,2,2,2,dream_agent,-6.4193025,511
182.85118820642003,198.5491094468446,213.42044537286245,227.81744400994026,231.75851717461774,2,2,2,2,2,dream_agent,-6.500909,512
182.24934695000874,198.07970112937554,213.40545479275863,228.13015093250138,231.6228395266937,2,2,2,2,2,dream_agent,-6.268297,513
182.83491239447778,198.0169185622262,213.6405681073348,228.1413557174822,231.71132914052995,1,2,2,2,2,dream_agent,-5.998874,514
183.27562093068047,198.49672093764173,213.5806438460437,228.03034555294582,231.94655779833494,2,2,2,2,2,dream_agent,-5.8220706,515
182.91734479023037,197.69666620389495,213.33794358309623,227.63776106411711,231.96264498047896,2,2,2,2,2,dream_agent,-5.652779,516
182.8213404488542,198.0220999900571,213.54084446594084,227.67924673799112,231.39672151620172,2,2,2,2,2,dream_agent,-5.5516505,517
183.00798258531768,198.09828404661062,213.85044283075058,227.47651830722248,231.96539734247676,2,2,2,2,1,dream_agent,-5.477808,518
183.0105102211352,198.03476323724414,213.55834804832494,227.41469477139816,232.70260177064807,2,2,2,2,2,dream_agent,-5.396799,519
182.86882741544864,198.0516064266463,213.512457326943,227.18174348228155,232.4668479908049,2,2,2,2,2,dream_agent,-5.611152,520
182.9539626395928,197.8104522871072,213.48379955381606,227.96895648267454,232.73998633749673,2,2,2,1,2,dream_agent,-6.1587033,521
182.50924361609808,197.7071477883038,213.35776147207778,228.0101105919309,232.63316287756942,2,2,2,2,2,dream_agent,-6.206295,522
182.6004122103112,198.0116156890767,213.38096111899873,228.2552066882729,232.28651766281723,2,2,2,2,2,dream_agent,-5.9519315,523
182.25372937863756,198.07677356016134,213.29638633972243,228.01254334181826,232.08529517128804,2,2,2,2,2,dream_agent,-5.583192,524
183.13238513139007,198.1195169574433,213.45890225761522,228.24976361194638,232.5442552483393,1,2,2,2,2,dream_agent,-5.5075564,525
183.37522006476038,197.72283939934812,213.61271359664394,228.06226066504732,232.10856572685222,2,2,2,2,2,dream_agent,-5.1286373,526
183.37374737885546,197.98715779904117,213.43365791376246,227.36546053220914,232.2535458324341,2,2,2,2,2,dream_agent,-4.9370914,527
183.25048383900523,197.91453247424053,213.17920164650707,227.84034591210224,232.12642793650437,2,2,2,2,2,dream_agent,-4.9092326,528
182.91062865468717,197.4597823897907,213.62702081872186,227.52777269630818,231.61026986721734,2,2,2,2,2,dream_agent,-4.889728,529
183.10159821658638,198.0968497267122,213.31439878291036,227.62990981196407,232.24283479500102,2,2,2,2,2,dream_agent,-4.828903,530
183.0690710793766,197.56800009413533,212.94859907179344,228.12668829581423,231.89906271886733,2,2,2,1,2,dream_agent,-4.895662,531
182.1994322776615,197.6254469432545,213.21249022404436,228.5532844758227,232.0531942466683,2,2,2,2,2,dream_agent,-4.894082,532
183.04702027656754,197.77404913624815,213.42129188884067,228.25969261565632,231.93453974484072,2,2,2,2,2,dream_agent,-5.195604,533
182.10825433996732,197.62304642869026,213.0076293090536,228.78223115947597,232.14112268254536,2,2,2,2,2,dream_agent,-5.25527,534
183.41435389950828,197.3634841162173,213.5156635574871,228.2268881398093,232.0425205058567,1,2,2,2,2,dream_agent,-5.57472,535
183.5005467923918,197.34949819900305,213.31589906721806,228.02725843014755,231.98214797378952,2,2,2,2,2,dream_agent,-5.8271904,536
183.65959301665268,197.83264837009446,213.41245108890192,228.25983904676778,231.71501743804615,2,2,2,2,2,dream_agent,-6.287794,537
183.30486890336334,197.89598424405105,213.41169114724255,228.07945196901034,232.1435434397818,2,2,2,2,2,dream_agent,-6.669325,538
183.4495956781204,197.3032360938333,213.29187586163744,227.45521218441058,231.73240052375797,2,2,2,2,2,dream_agent,-6.9385667,539
183.1443256588248,197.41086172342122,213.27478537656535,227.488885437892,232.0372539277068,2,2,2,2,2,dream_agent,-7.151024,540
182.83475080911816,197.54880149997985,213.45279538177533,227.74579146656566,231.9205493931398,2,2,2,2,2,dream_agent,-7.381136,541
183.1678705357787,197.68910990583083,213.35995626888217,227.25126873405966,231.60131324191624,2,2,2,2,2,dream_agent,-7.32106,542
182.9146293484824,197.21450034248295,213.61372083246812,228.11080433472938,231.86289794819146,2,2,2,1,2,dream_agent,-7.4569616,543
182.94125169113107,197.6136911983574,213.0998871553075,228.62842665037758,231.59831979444164,2,2,2,2,2,dream_agent,-7.2468996,544
182.74234306822078,197.27591558797496,213.31588847136902,228.62473762253882,231.80513462668483,2,2,2,2,2,dream_agent,-7.005455,545
182.5803331205131,197.40441440430584,213.8131898435391,228.28596533058607,231.84616451735758,2,2,2,2,2,dream_agent,-6.546444,546
183.0983068491846,197.5250605832903,213.5303240901386,228.33093433331302,231.36198406317064,1,2,2,2,2,dream_agent,-6.3707056,547
183.39896130044434,197.1885495044503,213.38615236205894,228.32211033583366,231.57927679956836,2,2,2,2,2,dream_agent,-6.0692906,548
183.04555204292498,196.9547344857544,213.60606425488825,228.25237789637825,232.0261281589294,2,2,2,2,2,dream_agent,-6.061789,549
182.81451642862126,197.00731356553715,213.19146203675686,227.87360490330087,231.3591650237794,2,2,2,2,2,dream_agent,-6.1962647,550
183.0276121377169,197.57644578048834,213.54082859909462,227.69512410133393,231.8218992166669,2,1,2,2,2,dream_agent,-6.3894205,551
182.9959805687496,198.3736202231449,213.290063149105,227.76636856897318,231.30470633112574,2,2,2,2,2,dream_agent,-6.345377,552
183.02806928496273,198.67299597291424,213.41902519662924,227.35047131406503,231.46760017364676,2,2,2,2,2,dream_agent,-6.4408913,553
182.7152299480529,198.2857529959612,213.3678747610811,227.28423473480495,231.5451827158253,2,2,2,2,2,dream_agent,-6.5926733,554
182.75360047866332,198.54529195381207,213.03700074759539,228.13394119746195,231.83569896098788,2,2,2,1,2,dream_agent,-6.574477,555
182.9909453386113,198.0693524625338,213.40032856174972,228.33271823731386,231.38534776188075,2,2,2,2,2,dream_agent,-6.535198,556
182.4805884101289,198.59693695751972,212.91125130223116,228.11852778066,230.95538519891815,2,2,2,2,2,dream_agent,-6.521878,557
182.23951493140385,198.46324256601142,213.16971932655215,227.9674267273104,232.136085806778,2,2,2,2,1,dream_agent,-6.582203,558
182.85916042861865,198.34541471343758,212.96954899132714,228.10256425722054,232.14576411551963,1,2,2,2,2,dream_agent,-6.458952,559
183.77837212384776,198.24487562765694,213.47272432278837,227.60808722322545,232.00330046767303,2,2,2,2,2,dream_agent,-6.5216446,560
183.49694058804525,198.58600713549794,213.0167754419059,227.61495403814874,232.01623955584887,2,2,2,2,2,dream_agent,-6.514389,561
183.41718391397578,198.34855254558127,213.48318625162898,227.61591152351835,231.66738879728575,2,2,2,2,2,dream_agent,-6.558991,562
183.35582190327693,198.4672462797138,213.11579504621173,227.28774570596875,231.7257868164891,2,2,2,2,2,dream_agent,-6.593588,563
183.36502586428094,198.54252635731453,213.519000272989,228.17376360667114,231.97517931738477,2,2,2,1,2,dream_agent,-6.7364306,564
183.45595003923486,197.8729086279624,213.40746301994741,228.23936914143067,231.79530375495455,2,2,2,2,2,dream_agent,-6.46404,565
183.56544097918646,198.34509102133296,213.38918161653,228.5080332020436,232.07037949495387,2,2,2,2,2,dream_agent,-6.3083086,566
183.4764464428487,198.49122020673212,213.3599841941092,228.3667188742802,231.8231682290899,2,2,2,2,2,dream_agent,-6.2391825,567
183.092985197486,198.55783455653363,212.97119515394212,228.52624993167777,231.39160403602537,2,2,2,2,2,dream_agent,-6.0656137,568
183.55593356694897,198.33046473503623,213.43568640541574,227.8424697340907,231.97236108140748,2,2,2,2,2,dream_agent,-6.0468473,569
183.16978061219262,198.4109561491703,213.50593137214494,228.14439941789587,231.63240859618335,2,2,2,2,2,dream_agent,-6.315662,570
182.8999303764579,198.56030159727283,212.8773140387451,228.2416739445142,231.59272047881404,2,2,2,2,2,dream_agent,-6.587903,571
183.30314097706272,198.35136464116925,213.03745008866895,228.11504352490826,231.9094375181049,2,2,2,2,2,dream_agent,-6.765332,572
182.8275716000106,198.39057932498767,213.2039314608255,227.83035279854903,231.43492650560137,2,2,2,2,2,dream_agent,-6.665526,573
182.67783756121645,198.8609851286064,213.48865488300342,227.81075077079169,231.7007905783023,2,2,2,2,2,dream_agent,-6.7395444,574
182.2021916970744,198.03504488876968,213.01272392757946,227.55132261228525,232.25228512741182,2,2,2,2,1,dream_agent,-6.882007,575
182.7899954853178,198.32981979827255,213.10175843052315,227.51163209549176,232.34712314951568,2,2,2,2,2,dream_agent,-6.853418,576
182.76754420760298,198.00568661126857,212.864272310094,227.11948035322294,232.52297516515358,2,2,2,2,2,dream_agent,-7.040786,577
183.19201784848764,197.9254236031884,212.7352563060462,228.17419393705978,232.57443658496814,1,2,2,1,2,dream_agent,-7.3271255,578
183.7639754214405,197.8796777352812,213.01530700554704,228.6262915619309,232.15164012594335,2,2,2,2,2,dream_agent,-7.115202,579
183.4969530283534,198.08821250477087,212.91602741371443,228.25503016736357,231.8521548859788,2,2,2,2,2,dream_agent,-6.815964,580
183.28262022294817,198.15894011307728,212.9463638831293,228.3636639303237,231.50491129472337,2,2,2,2,2,dream_agent,-6.457924,581
182.77571256202816,198.00370168742154,213.0863882498769,227.68867347017414,231.69961950476346,2,2,2,2,2,dream_agent,-6.262522,582
182.87405823210204,198.16336249941395,213.20388325716965,228.28868448026515,231.90612763574867,2,2,2,2,2,dream_agent,-6.0959387,583
182.36612780009222,197.9480041221392,213.21025273635894,228.09134453902357,231.56634452130382,2,2,2,2,2,dream_agent,-6.0640693,584
182.73554185567838,198.7288485225442,212.96349437495326,228.2023477885453,231.86646021484935,2,2,2,2,2,dream_agent,-6.0352216,585
182.51903161194426,198.0342435338953,212.954903327208,228.35747953711746,231.47496028306554,2,2,2,2,2,dream_agent,-6.088438,586
183.18123712582334,197.98116725727346,213.12548090773927,227.69653351589912,231.8364438061434,1,2,2,2,1,dream_agent,-6.1681395,587
183.40760489814858,197.8465500712175,212.92642059123983,227.67039556252857,232.3526589731188,2,2,2,2,2,dream_agent,-5.9307404,588
183.1004881452666,197.93049132898528,213.00206113770733,227.45116996740336,232.23530784725799,2,2,2,2,2,dream_agent,-5.674916,589
183.3693751998116,197.9392594713713,213.25240245015317,227.96695125257926,232.52748410991103,2,2,2,2,2,dream_agent,-5.558502,590
183.11404591773683,197.64442037800865,213.2057660789396,226.94474767353168,231.90736931058117,2,2,2,2,2,dream_agent,-5.686583,591
183.34372778566606,197.8746707772703,213.25690102077942,228.0781576718756,232.6055297198357,2,2,2,1,2,dream_agent,-5.9488244,592
182.97145053918368,197.34430841296447,213.2284576170911,228.27320417726008,232.20727888454067,2,2,2,2,2,dream_agent,-6.1651697,593
182.71491947629053,198.02004708388495,212.9381564372939,228.2479752985401,232.39391554930634,2,2,2,2,2,dream_agent,-6.593825,594
182.48346048385233,197.81181362402083,212.86670992437564,228.47459702625528,231.86888586292352,2,2,2,2,2,dream_agent,-6.737508,595
182.19405534890527,197.89924777585114,212.86174041059826,227.76113821959035,232.13387827093362,2,2,2,2,2,dream_agent,-6.505322,596
182.89832493404043,197.3654519773796,213.02321957065087,228.21707972107058,232.0552167069022,1,2,2,2,2,dream_agent,-6.5909286,597
183.6436218241544,197.57910416263013,213.1674748483545,227.77508424113066,231.93238642395076,2,2,2,2,2,dream_agent,-6.423459,598
183.3893210892681,197.3870205748264,213.34461480083343,227.85945309631268,231.87449542234748,2,2,2,2,2,dream_agent,-6.273817,599
182.89407666488026,197.93440811288676,212.73527468839848,227.89544796962738,231.71016647849177,2,2,2,2,2,dream_agent,-6.0182757,600
182.9354882554373,197.58078830348035,212.94929864717955,227.78863227009222,231.93455531319339,2,2,2,2,2,dream_agent,-5.817591,601
182.85436897965806,197.96108470480337,213.2910904201458,227.55734398103147,231.93575942068023,2,2,2,2,2,dream_agent,-5.6981072,602
182.39655745720205,197.9059597222816,212.94416777833524,227.76595933877996,231.90987645928445,2,2,2,2,2,dream_agent,-5.893472,603
183.8586632237479,198.1551221148634,213.5851204846336,227.59096797168624,232.0470734093178,1,2,2,2,2,dream_agent,-6.3731623,604
183.8134638953282,198.04026137626127,213.0325260767605,227.89930427710033,231.67685462460625,2,2,2,2,2,dream_agent,-6.762574,605
183.34311845161434,197.6555599021514,213.51815558238533,227.5467567343201,231.76854168434497,2,2,2,2,2,dream_agent,-7.341056,606
184.00915627853806,197.83034394230359,213.1686773726584,227.3544297465359,231.62169219239,2,2,2,2,2,dream_agent,-7.871416,607
183.30904678704292,197.79187324837926,213.16295106053641,228.16269708764858,231.73755629664885,2,2,2,1,2,dream_agent,-8.184608,608
183.30430395160738,197.49807642534833,213.23484109597328,228.42632323253926,231.48339620626007,2,2,2,2,2,dream_agent,-8.25055,609
183.53516693521382,197.753926382902,213.47144493658737,228.31747964957808,231.53513596828424,2,2,2,2,2,dream_agent,-8.181569,610
183.68542361418713,197.74886622918797,213.03350683947176,228.80157046483535,231.2373613656752,2,2,2,2,2,dream_agent,-8.096865,611
183.15700434533065,197.4440330899209,213.22825399421177,228.25044804799626,232.165246825723,2,2,2,2,1,dream_agent,-8.204399,612
183.20035145874755,197.16180526547524,213.1135694312312,228.29063976843358,232.15091119589076,2,2,2,2,2,dream_agent,-7.965787,613
183.44036799804084,197.59410562378503,213.01944339752134,228.17869504136146,232.66335611898873,2,2,2,2,2,dream_agent,-7.8809156,614
183.18389090271356,196.94925594866712,213.30110258410073,228.5874507782811,232.13134972976889,2,2,2,2,2,dream_agent,-7.505275,615
183.00695528401286,197.79363418440218,213.19870511833636,228.11502226291026,232.06256005454733,2,2,2,2,2,dream_agent,-7.2124014,616
182.94025846089613,197.5403962244689,213.22379662305218,227.77614033072015,232.2430489347198,2,2,2,2,2,dream_agent,-6.8187804,617
182.85559366482337,197.33386851953114,213.54323432790582,227.7867553245357,231.88200063510988,2,2,2,2,2,dream_agent,-6.686706,618
183.09481190003567,197.44964334564744,213.11745675646483,227.68338570427463,232.64274252166922,2,2,2,2,2,dream_agent,-6.349644,619
182.4841818678138,197.46653238502986,213.43945242207238,227.9142232019285,232.31396775848702,2,2,2,2,2,dream_agent,-6.1378045,620
182.79157821077646,197.36190105886806,213.22775951462697,227.58477483405267,232.39717922046376,2,2,2,2,2,dream_agent,-5.7968416,621
182.47761789771536,197.7666712555891,213.0805879366321,228.51315794745386,232.08825015897307,2,2,2,1,2,dream_agent,-5.699769,622
181.93217577559747,197.132574652249,213.19829826288387,228.44007412504084,231.8213753882316,2,2,2,2,2,dream_agent,-5.5803595,623
182.97764857132074,197.47210523841113,213.42639709822365,229.03175885523137,232.23516257039108,1,2,2,2,2,dream_agent,-5.7192354,624
182.83320131075496,197.51264536857403,213.127161547975,228.3850909913381,232.1276037793794,2,2,2,2,2,dream_agent,-5.6916447,625
183.41557668777207,197.63470361785707,213.13969586157765,228.3736478807284,232.0187753556987,2,2,2,2,2,dream_agent,-5.825666,626
182.88655653295768,197.3138468363808,213.09864951341353,228.39614322573163,231.76525300448063,2,2,2,2,2,dream_agent,-5.7699847,627
183.1458767388326,196.77070941000883,213.01387355073012,228.1073840735505,232.38714209060575,2,2,2,2,2,dream_agent,-5.7902904,628
182.44013345413026,197.06622734211322,213.4244801111662,228.18594282735825,231.77833277270238,2,2,2,2,2,dream_agent,-5.7643466,629
182.7253875015512,197.8781579060136,212.6820335192536,227.88043378579698,232.16775922885387,2,1,2,2,2,dream_agent,-5.952129,630
182.46128609967258,198.37251973967824,212.64241798727258,228.02082901705913,231.43975430926272,2,2,2,2,2,dream_agent,-5.8805604,631
182.96145389764348,198.6549321598144,213.68669866563795,227.93459873296385,232.03594799349665,1,2,2,2,2,dream_agent,-5.9435883,632
183.52743014092096,198.76391786918472,213.13776435527978,228.22842278542907,231.62135984853802,2,2,2,2,2,dream_agent,-5.8974776,633
183.31171761083425,198.48342196850092,213.36782806132138,227.97605145505813,231.4188947477899,2,2,2,2,2,dream_agent,-6.1715093,634
183.3604028900395,198.88781835651673,212.87160241513791,227.7964004927395,231.67958845703157,2,2,2,2,1,dream_agent,-6.2848635,635
183.53481488131857,198.5128297564911,212.72574527286707,227.68320428307325,232.09952840113436,2,2,2,2,2,dream_agent,-6.256145,636
183.15555941726487,198.72447367409345,213.21371017394975,227.35219946617045,232.28957100427456,2,2,2,2,2,dream_agent,-6.4236712,637
183.5590053784346,198.88302635937978,212.42954805899313,227.56232964044256,231.90917108669072,2,2,2,2,2,dream_agent,-6.557863,638
183.2168022657873,198.5930805068203,213.1695688922529,227.0181141865595,231.85544292493162,2,2,2,2,2,dream_agent,-6.689223,639
182.76882167448207,198.23152278139787,212.93024579002812,227.92707697457826,231.75934105438074,2,2,2,1,2,dream_agent,-6.720365,640
182.84173630737453,198.30059258585806,212.8216101723977,227.80024820090293,231.85885793146596,2,2,2,2,2,dream_agent,-6.3313804,641
182.5974275728002,198.51832283140467,212.91632185403012,228.06066702974096,231.5202056375079,2,2,2,2,2,dream_agent,-5.954812,642
182.13716687751688,198.3767750719407,213.31574518651087,227.87489755766248,231.93888395179115,2,2,2,2,2,dream_agent,-5.8840094,643
183.13261975910797,198.47219480309542,212.88652716366624,227.87389122397008,231.19160762739892,1,2,2,2,2,dream_agent,-6.0554924,644
183.42063433248907,198.18259327153433,212.79458993814802,227.89827242045004,231.39501229452188,2,2,2,2,2,dream_agent,-5.6904564,645
183.23540558762187,198.26313319542467,213.11237243623245,227.55899862125727,231.34073498196247,2,2,2,2,2,dream_agent,-5.514227,646
183.16165755732817,198.1066635430128,212.92946109953022,227.39986591547296,232.15832525908183,2,2,2,2,1,dream_agent,-5.5782175,647
182.7126792441241,198.20491325666745,212.9023817172921,226.8283407824041,231.85106055337934,2,2,2,2,2,dream_agent,-5.7462387,648
182.7974365328563,198.4914896484743,212.48387079742847,227.28482734160292,232.2525935760257,2,2,2,1,2,dream_agent,-6.0190063,649
182.52755061303924,198.75333383647038,212.6465244248323,227.6792645250222,232.33263593446674,2,2,2,2,2,dream_agent,-5.9418764,650
182.49840861209987,198.44193359510462,212.4132434114826,227.6991255476973,232.32143045064484,2,2,2,2,2,dream_agent,-5.90491,651
182.51237635636915,198.25154517261706,213.1362774861803,226.90677773255442,232.07418125346814,2,2,2,2,2,dream_agent,-6.1171126,652
182.06095389619384,198.19198056013792,212.78906405145975,227.31964999487198,232.37369577834752,2,2,2,2,2,dream_agent,-6.2387605,653
182.8109065946385,198.1590437816062,212.94079675661555,227.33668260684644,232.23289632123831,1,2,2,1,2,dream_agent,-6.5905013,654
182.7110714903428,198.41213541579353,212.74306930111976,228.4606635408069,232.161754306835,2,2,2,2,2,dream_agent,-6.4325743,655
183.2519775706456,198.59907722963578,212.69037349398633,227.99475694148109,231.83107831452057,2,2,2,2,2,dream_agent,-6.2094393,656
182.96641388045813,198.41803863461314,212.4260837626033,228.40391343148943,231.9377438557733,2,2,2,2,2,dream_agent,-6.185696,657
182.75560951096736,198.73604335277673,212.48537604409773,228.22461356895894,232.28191347807666,2,2,2,2,2,dream_agent,-6.2588115,658
182.80921491646762,198.59777328535776,212.63791058587503,227.81564571291983,232.10143724960378,2,2,2,2,2,dream_agent,-6.1609077,659
182.414299933366,198.3136465917798,212.41363947462457,228.29452636139737,231.7880527513061,2,2,2,2,2,dream_agent,-5.919603,660
183.143412657543,198.6473684939885,212.521287259788,227.41170481962402,232.02965745038728,2,2,2,2,2,dream_agent,-5.4705358,661
182.61610945675656,198.61001949901367,212.51940872379794,227.23778480425517,232.20929001387663,2,2,2,2,2,dream_agent,-5.4891148,662
183.18249327599773,198.38660992265156,212.20213514918143,226.80298633399846,231.8628677630793,1,2,2,2,2,dream_agent,-5.8843203,663
183.4515810901966,198.21414367721508,212.06187385425687,228.1409208331637,231.70922980538364,2,2,2,1,2,dream_agent,-6.380053,664
182.8942775931564,197.7991913826799,212.09909723595962,228.17150345970967,231.52451179832465,2,2,2,2,2,dream_agent,-6.535915,665
183.5872614139813,198.13777621090452,211.96939011251558,228.46930891595176,231.5565103576801,2,2,2,2,2,dream_agent,-6.6235337,666
183.36990826003984,198.32850289928447,212.16580952728398,228.18621064829603,231.68321353619322,2,2,2,2,2,dream_agent,-6.544672,667
183.22058739371107,197.67702137764007,212.0121965287309,227.98639706384975,231.59076439156706,2,2,2,2,2,dream_agent,-6.5330443,668
183.27315834046564,198.06824661213807,212.17553489053878,228.3899226106209,231.89832198597682,2,2,2,2,2,dream_agent,-6.7613473,669
183.26373603546978,197.44684427331396,212.00371301998842,227.81521356662793,231.6172989183419,2,2,2,2,2,dream_agent,-7.0503187,670
182.47457160527642,197.8043906250048,211.86129781027518,228.19302415313118,231.2689353580679,2,2,2,2,2,dream_agent,-7.1714277,671
183.12296464766519,197.35298597688086,213.082407859301,228.18456475683948,231.28362363653258,2,2,1,2,2,dream_agent,-7.244485,672
182.8018221643656,197.1017665099539,213.40512991192597,227.88078001295798,231.75216544731808,2,2,2,2,2,dream_agent,-7.054147,673
182.6280492522996,197.19956227800537,213.62617801643728,227.52245420440002,231.45108256829397,2,2,2,2,2,dream_agent,-7.0306597,674
182.32658103113098,197.23667052632265,213.69243219152676,227.53505092793662,231.051515944609,2,2,2,2,2,dream_agent,-6.862754,675
183.64867973085168,197.24859394028655,213.89255162365237,227.44387293421207,232.30692331497923,1,2,2,2,1,dream_agent,-6.856628,676
183.02981910687228,197.89825523110318,213.15412628848338,227.13416083978063,232.11107541198274,2,1,2,2,2,dream_agent,-6.57938,677
183.1451163137291,198.2405966572423,213.2300846610991,227.79925585837057,231.9853291781416,2,2,2,1,2,dream_agent,-6.341105,678
183.08379562186568,198.82721645312841,213.20886260219186,227.98272911142112,231.87162204080053,2,2,2,2,2,dream_agent,-6.093749,679
183.0405825878808,198.58314748129706,213.09346798354747,227.96444034014263,231.71631022399498,2,2,2,2,2,dream_agent,-5.972331,680
182.54370346211653,198.42204535184177,213.27032692004283,227.746971821037,231.37266966598557,2,2,2,2,2,dream_agent,-5.866433,681
182.7453258258232,198.38249987861425,213.16226081009071,228.11211641877824,231.45973947749425,2,2,2,2,2,dream_agent,-5.9752846,682
182.87659712167525,198.37158332300427,213.46266472876218,227.6015163482183,231.2268260072953,2,2,2,2,2,dream_agent,-5.7535396,683
182.024566906775,198.50909996829668,213.55884418149705,227.84060789523713,232.3163514209005,2,2,2,2,1,dream_agent,-5.5698,684
183.10614014794768,198.23891267331865,213.480714735342,227.42351930081114,232.0845315141841,1,2,2,2,2,dream_agent,-5.3323326,685
183.12163642610926,198.33966821666039,213.31892246178677,227.5048039496751,232.53858505939309,2,2,2,2,2,dream_agent,-4.779575,686
183.16466046991152,197.85469648356494,213.50041487575217,227.92622773370167,232.15690122833422,2,2,2,1,2,dream_agent,-4.496118,687
182.73719743406764,198.22868478614177,213.25606068242126,228.56617415591163,232.23132781617127,2,2,2,2,2,dream_agent,-4.323942,688
182.26992887750805,197.74923416303093,213.1264754519037,228.37724612916912,231.93441909002772,2,2,2,2,2,dream_agent,-4.225561,689
182.63043399719396,198.06696337623012,213.56800019782779,228.23205531636447,231.84096194481506,2,2,2,2,2,dream_agent,-4.1669416,690
182.29365522068164,197.9116323079151,213.28123045744803,228.2152267174284,232.13705445623873,2,2,2,2,2,dream_agent,-4.1331997,691
182.59730278985282,197.51598774018018,213.28042736870484,227.9470158780891,231.9529466714789,1,2,2,2,2,dream_agent,-4.451561,692
183.09957339716186,197.733783305293,213.59833778829952,227.97193654082034,232.3217219679161,2,2,2,2,2,dream_agent,-4.7139463,693
183.32619392396637,197.66443185333327,213.4581293513808,227.53232865908942,232.3531543747041,2,2,2,2,2,dream_agent,-5.060626,694
182.7441833578543,197.50550002387752,213.31150484787372,227.7226005007991,232.03411299859582,2,2,2,2,2,dream_agent,-5.755518,695
183.44657059494853,197.63734355877554,213.75883670454414,227.60969929162835,231.86451551618808,2,2,2,2,2,dream_agent,-6.5153313,696
182.97606618438874,197.62154050257698,212.95623093271828,227.2200147561756,231.7014137799118,2,2,2,2,2,dream_agent,-7.363102,697
182.76222634630778,197.67397777650498,213.23871498593113,227.50223415785166,231.85369618279574,2,2,2,2,2,dream_agent,-8.045,698
182.76012117920962,197.6503832231515,213.04721358961535,227.27448126283056,231.43621628936455,2,2,2,2,2,dream_agent,-8.36383,699
182.99425142646993,197.8839271699729,213.2607489700059,227.17882146811013,231.4972052282143,2,2,2,2,2,dream_agent,-8.389353,700
182.98589742473726,197.71311633467963,213.48510768183388,227.98448305593732,231.8391579763342,2,2,2,1,2,dream_agent,-8.6194725,701
182.5820957179369,197.59696469715652,213.40901375001357,228.56311489829355,231.2440233835459,2,2,2,2,2,dream_agent,-8.538641,702
182.5808506269917,197.57443249835814,213.14863202730777,228.55062464352392,231.72490830373624,2,2,2,2,2,dream_agent,-8.293049,703
182.23358888661383,197.99481061412752,213.3821482294055,228.7365226163332,231.33673148365506,2,2,2,2,2,dream_agent,-7.6615553,704
182.31425764504635,197.52369053897786,213.2469724971065,228.2173178167758,231.9984679683058,2,2,2,2,1,dream_agent,-7.0206585,705
183.30692120540633,197.52697139066294,213.32142107499374,228.26149711146942,232.34873298112242,1,2,2,2,2,dream_agent,-6.6045833,706
183.16823317423587,197.43088716876892,212.99854916861707,228.48894467897486,232.2484774554305,2,2,2,2,2,dream_agent,-6.221085,707
183.11650239626766,197.64977024827948,213.0036489642073,227.8441237387269,232.10664681377258,2,2,2,2,2,dream_agent,-5.9875536,708
183.12387731229313,197.68844509305703,212.87464539128365,228.1641887734174,231.97281774310508,2,2,2,2,2,dream_agent,-5.876127,709
183.00010544105558,197.4414189666317,213.20253306564152,227.84604679383514,232.07403720222365,2,2,2,2,2,dream_agent,-5.7069926,710
182.7300965867678,197.16379951321295,212.89532485398198,227.87310150984712,232.10298834455878,2,2,2,2,2,dream_agent,-5.6395645,711
182.8050897654362,198.2603117148744,213.1619153218772,227.99837971720896,231.84770931420059,2,1,2,2,2,dream_agent,-5.67647,712
182.46367438858803,198.36710076110649,212.90618780296967,228.02267590940033,231.84307387880355,2,2,2,2,2,dream_agent,-5.44336,713
183.0183728097245,198.79412417661817,213.0991234898962,227.92692345501942,231.85181794479246,1,2,2,2,2,dream_agent,-5.5550776,714
183.07064993715596,198.36785436553782,212.70841268453933,227.71280275062054,231.67096578064783,2,2,2,2,2,dream_agent,-5.457774,715
183.03576563668625,198.87824495993414,212.72901196333942,227.61752926373535,231.79757010432036,2,2,2,2,2,dream_agent,-5.445873,716
183.34734253437918,198.7906993818735,212.87709054611554,227.84537632580012,232.20368713600942,2,2,2,2,2,dream_agent,-5.4408913,717
182.814409650159,198.68840397171883,212.55227476666977,227.8170660546154,231.2211057977968,2,2,2,2,2,dream_agent,-5.7459316,718
182.79507457070747,198.0613047028914,212.84122221501036,227.935306381541,231.51780138608834,2,2,2,2,2,dream_agent,-5.8146367,719
182.69920863770497,198.4474898300565,212.78222285991737,227.98535225725925,231.74725559137462,2,2,2,2,2,dream_agent,-5.7258773,720
182.66651484551818,198.5767969734052,212.54014878544123,227.63450167546455,231.22111927190565,2,2,2,2,2,dream_agent,-5.577579,721
183.60640293870046,198.4540293873973,213.257689314993,227.32115378975968,231.78720839911833,1,2,2,2,2,dream_agent,-5.480972,722
183.60431374379075,198.06817195321236,212.9375451933271,226.91651978840133,231.82980794055018,2,2,2,2,2,dream_agent,-5.4683146,723
183.9961100295284,198.14294614914755,212.7777920354839,227.72762373400022,231.31419650878098,2,2,2,1,2,dream_agent,-5.983958,724
183.4977066217343,197.87918015562758,212.55151168766716,228.33077738377943,231.64428363686827,2,2,2,2,2,dream_agent,-6.206402,725
183.5200335018254,197.7223845602136,212.7207866671026,228.2348850605203,231.4521775853516,2,2,2,2,2,dream_agent,-6.460058,726
183.35226486981605,198.03918441375185,212.83156846379643,228.08151723057384,231.25465122899723,2,2,2,2,2,dream_agent,-6.410677,727
183.33363508431262,197.6428829890946,212.68191882520588,228.1123839721925,232.14608259933576,2,2,2,2,1,dream_agent,-6.2554636,728
182.9272333257817,197.43140912202665,212.479731674433,227.8519871438273,232.18530790378665,2,2,2,2,2,dream_agent,-5.904694,729
182.90368626532424,197.68157438016513,212.16933349666178,227.8899595271271,232.53533900523715,2,2,2,2,2,dream_agent,-5.817053,730
183.04540416236063,197.43088767161484,212.4092268252434,227.11430964056015,232.26384572956596,2,2,2,2,2,dream_agent,-5.6838765,731
182.07501765314774,197.45704581934783,212.19257908418356,227.07434544759295,232.50262044206028,2,2,2,2,2,dream_agent,-5.605173,732
183.0718625099884,197.75690839866533,211.962066433261,227.9048606071511,232.19703363344186,1,2,2,1,2,dream_agent,-5.960083,733
183.2872603301519,197.5950501127289,212.170322265665,228.16576279265405,232.42524642768262,2,2,2,2,2,dream_agent,-6.0633063,734
183.68455882231305,197.40637276425798,212.15410714545064,228.36990676508262,232.00120574045187,2,2,2,2,2,dream_agent,-6.20476,735
183.37603901461316,196.86238063352624,212.02820247622734,228.27573254927896,232.36452081239378,2,2,2,2,2,dream_agent,-6.28091,736
183.6692993218205,197.63691462124245,212.55044402363038,227.84831347904878,231.8607633029666,2,2,2,2,2,dream_agent,-6.3734455,737
183.19748364812318,197.17972197994996,212.11897542057196,228.00405353919015,231.95802746810136,2,2,2,2,2,dream_agent,-6.232694,738
183.02533838258012,197.29009394470177,212.35592659778516,228.14913729463427,232.01885313250762,2,2,2,2,2,dream_agent,-5.9305534,739
182.77163446318588,197.19097346027252,212.5535442946251,227.83957505649457,232.00027614118613,2,2,2,2,2,dream_agent,-5.8112907,740
182.8668302265232,197.7262883076553,212.40468745441248,227.91316041928525,232.04908214230608,2,1,2,2,2,dream_agent,-5.8174205,741
182.92527643957018,198.2334271017238,212.01959426974267,227.8047247385455,231.86048238038953,2,2,2,2,2,dream_agent,-5.716657,742
182.7824000595829,198.19253485905676,212.46805358344838,227.74456932445526,231.55100028682511,2,2,2,2,2,dream_agent,-5.8327947,743
183.2474186634694,198.65368930105407,212.24566540221505,227.5361595857624,232.1337690217836,2,2,2,2,2,dream_agent,-5.911557,744
182.5373642227444,198.32793450830013,212.59831838542746,228.0071736647811,231.81067856249453,2,2,2,2,2,dream_agent,-5.995711,745
182.98315074713076,198.69508011343152,212.5682033525104,227.57809088275465,231.5782190482553,2,2,2,2,2,dream_agent,-6.251315,746
183.12295792981564,198.53753478316918,212.92554264928674,227.9614671806705,232.25323399187855,2,2,2,2,2,dream_agent,-6.4065123,747
182.6840524776981,198.40102809894586,212.90313250752072,227.71219950387524,231.85019798207736,2,2,2,2,2,dream_agent,-6.324224,748
182.59992176126494,198.19779936198452,212.5539933434701,227.5733298050114,232.23953557940285,2,2,2,2,2,dream_agent,-6.4377236,749
181.89209387632073,198.4703679948476,212.22157348962958,227.66845393844153,231.89237037459748,2,2,2,2,2,dream_agent,-6.4683743,750
182.3064296304984,198.40064749030668,212.74333075020556,227.62673828274117,231.45895444952177,2,2,2,2,2,dream_agent,-6.2174354,751
183.15016238300768,198.01676669572507,212.86211447171496,227.5476124053654,231.82934722209626,1,2,2,2,2,dream_agent,-6.151374,752
183.1543217171474,198.46515744016637,212.38833462959937,227.92956786673352,231.31371555952475,2,2,2,2,2,dream_agent,-5.7495627,753
183.43318232476022,198.04780043460045,212.44766228272852,227.7113646441649,231.82968082922068,2,2,2,2,2,dream_agent,-5.5172863,754
183.13779537605376,198.29446783115148,212.35856050217097,228.19112781618543,232.0180102231455,2,2,2,1,2,dream_agent,-5.553433,755
183.20599290085022,198.1425695029706,212.4501372854091,228.67723870435006,231.62320724677025,2,2,2,2,2,dream_agent,-5.365541,756
183.0466587411723,197.95466937664048,212.13873617067023,228.197271318704,232.01669115795298,2,2,2,2,2,dream_agent,-5.15796,757
182.93625903482987,198.06507433211345,212.15185823157609,228.05241397822596,232.21147698062535,2,2,2,2,2,dream_agent,-5.3201213,758
182.75682694538943,197.90712925947722,212.74111458398912,228.12403300414493,231.8447382678453,2,2,2,2,2,dream_agent,-5.9013033,759
183.29972962111842,197.9684561211265,212.45620176093956,228.85904928465155,232.16088225044632,1,2,2,2,2,dream_agent,-6.3463435,760
183.7000754727253,197.7777279255434,212.08164523063706,228.18294097593645,231.67860979743975,2,2,2,2,2,dream_agent,-6.399879,761
183.89880843873445,197.87586509637902,212.36438129659382,227.93440263144285,231.87838196361108,2,2,2,2,2,dream_agent,-6.417598,762
183.5898299720183,197.64659409591616,212.71755872019028,228.08072852755663,231.3817234452656,2,2,2,2,2,dream_agent,-6.8115153,763
183.6569235608429,197.7769103675507,212.3394112547249,227.96559578374826,231.64708080388473,2,2,2,2,2,dream_agent,-7.055706,764
183.54109335230348,197.83817426063456,212.48469909112583,227.89128750087164,231.81916972652732,2,2,2,2,2,dream_agent,-7.399432,765
183.36798674251315,197.57313066104038,212.50874920993346,227.4643079777489,231.73307617827203,2,2,2,2,2,dream_agent,-7.6091213,766
182.896311854322,197.22093535970342,212.69765929001562,227.5814013086087,231.898167219811,2,2,2,2,2,dream_agent,-7.890296,767
183.03077804156942,197.53234988764157,212.50976693664612,227.04403717630285,231.72244920736472,2,2,2,2,2,dream_agent,-7.9740334,768
182.91216377445448,197.5864495538202,212.176881037873,227.18968015005308,231.76201173339845,2,2,2,2,2,dream_agent,-7.7224627,769
182.86333867821105,197.22190446879497,212.46640211409743,228.01614071822644,231.7860568433534,2,2,2,1,2,dream_agent,-7.652482,770
182.97054161059327,197.6973088938367,212.5907079740925,228.28921742238165,232.11614364450116,2,1,2,2,2,dream_agent,-7.696783,771
182.47283359038042,198.43012002694098,212.12711594625338,228.2734828494535,231.61199349917132,2,2,2,2,2,dream_agent,-7.401943,772
182.07340343659968,198.70124121932986,212.3861641561097,228.2462528808145,231.63499724691565,2,2,2,2,2,dream_agent,-7.3032265,773
182.46547377516498,198.37143575689893,211.91861837493053,228.08194392546744,231.47514868972374,1,2,2,2,2,dream_agent,-7.299185,774
182.86480512067465,198.59937698560987,212.6644955468537,228.26553511371992,231.3513587375286,2,2,1,2,2,dream_agent,-7.1044645,775
182.8939411102221,198.30784954285545,213.85752892295574,227.95846555397426,231.64820345453256,2,2,2,2,2,dream_agent,-6.636839,776
183.1948421373347,198.22535012215997,213.4377663530861,227.35758087303464,231.25320874494753,2,2,2,2,2,dream_agent,-6.4911184,777
183.32690682198145,198.71145084617697,213.52563185720604,227.6457265288966,231.8418258124815,2,2,2,2,2,dream_agent,-6.439992,778
183.05266163521887,198.19043782761233,213.62246366441002,228.24224781501704,231.58272997639313,2,2,2,1,2,dream_agent,-6.705867,779
182.74024672331618,197.89998904622516,213.24102572412568,228.76691570344363,231.31523476392002,2,2,2,2,2,dream_agent,-6.633284,780
182.56279739567083,198.20164474533428,213.81494600449915,228.45613745953403,231.60747411889653,2,2,2,2,2,dream_agent,-6.422418,781
182.61063558003937,198.2802836136829,213.39578311060157,228.47054795266,231.378676991033,2,2,2,2,2,dream_agent,-6.427724,782
182.70115785333033,198.2399699207116,213.8030525985701,227.98598552828483,231.60614162077624,2,2,2,2,2,dream_agent,-6.654778,783
182.68697783451265,198.16098868229523,213.54706917190035,228.53340570005702,231.6744004530126,2,2,2,2,2,dream_agent,-6.663942,784
182.30155643853965,197.57834649506967,213.535608544108,228.51248702071845,231.492445167859,2,2,2,2,2,dream_agent,-6.6577535,785
183.1238965060127,197.61237357067375,213.75323277599006,228.34359303108423,231.22309186199095,1,2,2,2,2,dream_agent,-6.628412,786
183.80499172852873,198.20829786585253,213.98844896745365,227.80462613048513,231.9885049334864,2,2,2,2,1,dream_agent,-6.355878,787
184.049552708536,197.72726975345734,213.8942285720652,227.70253911356426,232.28647645322766,2,2,2,2,2,dream_agent,-6.1529026,788
183.74775288210537,198.30154438378608,213.66896245494027,227.97541546714072,231.8846989775283,2,2,2,2,2,dream_agent,-6.0302224,789
183.45077505865325,197.84682399051238,213.86208713482674,227.69253464508708,232.03693777361687,2,2,2,2,2,dream_agent,-5.9847803,790
183.2555900678766,198.05464815573916,213.6899028524514,227.55501756109658,231.96465198944117,2,2,2,2,2,dream_agent,-5.9832253,791
182.8586353732713,197.87615903510354,213.6534904488564,227.65405125354042,231.78653432523222,2,2,2,2,2,dream_agent,-5.95491,792
183.03516062424984,197.90561969245974,213.59494082657883,228.062764100215,232.3635710541397,2,2,2,1,2,dream_agent,-6.2511177,793
182.71535509925147,197.8600127612083,213.64497786710015,228.31718295729004,231.66203820690058,2,2,2,2,2,dream_agent,-6.064539,794
182.55076388871834,198.12604512986215,213.44330301725378,228.29294131279883,231.54824684772356,2,2,2,2,2,dream_agent,-5.9369454,795
183.17039171561552,197.82206070300575,213.2369249192356,228.4469946546262,231.9943497446349,1,2,2,2,2,dream_agent,-5.9118705,796
183.41095646058315,198.24023172864867,213.49817622860996,228.13521758191288,232.20292413077146,2,2,2,2,2,dream_agent,-5.72719,797
183.42713563651807,198.13293670974002,213.56149452041208,228.1325531904724,232.21614259407832,2,2,2,2,2,dream_agent,-5.758043,798
183.03212879740238,198.14831226992396,213.20752402995683,227.73024749632728,231.7491136004142,2,2,2,2,2,dream_agent,-6.014516,799
183.20652039486362,197.88742264600904,213.17727023391683,227.34553378127092,231.9517070165456,2,2,2,2,2,dream_agent,-6.300538,800
183.13137992197053,198.14078292720018,213.23908220082447,227.36140170718198,232.1047164504803,2,2,2,2,2,dream_agent,-6.50012,801
183.16140811099987,197.78320130277268,212.96190679113522,227.31768178200159,231.45006991134326,2,2,2,2,2,dream_agent,-6.7107973,802
182.99758768985902,198.22930405263332,213.22214925910026,227.2051123924406,231.73064189960203,2,2,2,2,2,dream_agent,-6.9179916,803
182.80412868651814,197.8737513317489,213.25739659626464,228.00057061965953,232.0211871380607,2,2,2,1,2,dream_agent,-6.9302545,804
182.58361640881225,198.05174473372992,212.6041794665894,228.19781088982887,231.64962541194916,2,2,2,2,2,dream_agent,-6.537286,805
182.86365552734196,197.96972752580518,212.86283021103304,228.41524037801176,231.89808034624608,2,2,2,2,2,dream_agent,-6.330158,806
182.86522245275657,197.81250708397963,213.4357749452061,228.13162666193622,231.38947161471026,2,2,2,2,2,dream_agent,-6.2403703,807
182.6015906294346,197.57241768631496,212.78346684914771,227.85537254578534,231.39794771631418,2,2,2,2,2,dream_agent,-6.325078,808
182.5125007387731,197.5791423473827,213.00260353056711,227.67025103142709,231.53645914851583,2,2,2,2,2,dream_agent,-6.19653,809
183.11038150859764,197.63213446003326,213.3978711446714,227.57551875968417,231.63859904495968,1,2,2,2,2,dream_agent,-6.0201726,810
182.99844935989952,197.51595406546812,212.8342657748695,227.50863047016134,230.76923502933684,2,2,2,2,2,dream_agent,-5.774099,811
183.39170966013117,197.42522654352334,213.19972442073566,228.09964214321548,232.0820478884138,2,2,2,1,1,dream_agent,-6.048448,812
182.88957156001823,197.43855590737414,213.31062006225048,228.43332632162344,231.81812106444303,2,2,2,2,2,dream_agent,-5.9454703,813
183.0161786131746,197.48814413662404,212.82335606976457,228.37014056082197,232.16575018506455,2,2,2,2,2,dream_agent,-5.86463,814
183.16654948715777,196.98975212246035,213.17364791567124,227.8100023646361,232.3185767841542,2,2,2,2,2,dream_agent,-5.8175917,815
182.8416776395985,196.91877808512092,213.05409032050173,228.0770866862536,232.8189155221812,2,2,2,2,2,dream_agent,-5.831963,816
182.76731854454198,197.0498818304659,212.9481247976647,227.78700277216706,232.51302972194208,2,2,2,2,2,dream_agent,-5.9953485,817
182.35642384623446,197.1515476326435,212.94273307000745,227.91488083526772,232.39382692165827,2,2,2,2,2,dream_agent,-6.137591,818
182.47016093720183,197.47066893180752,212.66766888839055,227.89752814636435,232.17289839365728,2,1,2,2,2,dream_agent,-6.4431095,819
182.46645761576994,198.18884250511167,212.92081736181274,227.75427587780752,231.97939825681632,2,2,2,2,2,dream_agent,-6.3595023,820
183.0439627982019,198.08121975897618,213.19232013964017,227.4425080298398,232.5319533159079,1,2,2,2,2,dream_agent,-6.3861012,821
183.37626649977165,198.20693101210276,212.5202639285607,227.55248987309022,232.0206677456786,2,2,2,2,2,dream_agent,-6.1977835,822
182.9398178236739,198.10613027068206,212.99495189261543,227.67383712672907,232.2726780531419,2,2,2,2,2,dream_agent,-6.268325,823
182.8339197955294,198.3876147859108,212.96569643687957,228.00747028725803,232.2257016620514,2,2,2,1,2,dream_agent,-6.4723067,824
182.93209754080127,198.4098208852146,212.70846034320073,228.81291659987693,231.70904695563553,2,2,2,2,2,dream_agent,-6.3836894,825
183.28415719885518,198.16620552993888,212.69008653481333,228.42512125839912,231.5733990964916,2,2,2,2,2,dream_agent,-6.42193,826
182.92991774906514,198.38927637429984,212.29513692730785,228.4132351167914,231.63142899046588,2,2,2,2,2,dream_agent,-6.551586,827
182.88314916069555,198.3569026553131,212.72842732721972,228.05034951286854,231.65764156859808,2,2,2,2,2,dream_agent,-6.8266397,828
182.5279213061007,198.3774143385261,212.27640492456203,227.9829175897016,231.81679037303488,2,2,2,2,2,dream_agent,-6.8910685,829
182.5129336657468,198.2014169286854,212.55465964776243,227.88254309167905,231.76474350169562,2,2,2,2,2,dream_agent,-6.7518086,830
183.0319809016056,198.19559624080085,212.48020108852145,227.7416761278674,231.61767983576576,1,2,2,2,2,dream_agent,-6.552967,831
183.72353089079104,198.11424415531337,212.69247945523193,227.57500913496145,232.0479406173206,2,2,2,2,2,dream_agent,-6.135244,832
183.49586210452026,197.65456852253908,212.81769577853694,227.3837131760116,232.07418999856216,2,2,2,2,2,dream_agent,-5.8491693,833
183.27079156438407,198.2736071240071,212.38842811678995,227.5383955684082,231.30314192753238,2,2,2,2,2,dream_agent,-5.6179514,834
183.10172011748702,197.90375603677305,212.29698164880782,227.03481201389613,232.31211914548362,2,2,2,2,1,dream_agent,-5.469374,835
182.8835707605453,198.26987013375552,211.99944594781113,227.69361507449614,232.24473681514812,2,2,2,1,2,dream_agent,-5.2282543,836
182.79786851233567,198.10347114938904,212.0209798256405,227.6086772349325,232.08021421685427,2,2,2,2,2,dream_agent,-4.916016,837
182.28610800264693,197.75891311265298,212.91728029016053,228.45351243472925,232.47041733629814,2,2,1,2,2,dream_agent,-4.8202786,838
183.14335364567955,197.91783177660784,213.84114795290006,228.1026714649353,232.511523363329,2,2,2,2,2,dream_agent,-4.448105,839
182.22601546540724,197.65041611932696,213.60749804961793,228.44132496631988,232.843387763295,2,2,2,2,2,dream_agent,-4.3927765,840
183.18186879964549,197.5489904458116,213.76567760292127,227.8868832015846,232.60809101399428,1,2,2,2,2,dream_agent,-4.6758604,841
183.33117071403692,197.15224112916852,214.29537612479842,228.01561756734543,232.5895959005054,2,2,2,2,2,dream_agent,-5.0088844,842
183.50710488185177,197.98346975436095,213.84524500370728,227.79715343143647,232.29075682780578,2,2,2,2,2,dream_agent,-5.502929,843
183.94220302617308,197.56445669668614,213.84637400312405,228.03337496486165,232.55705226526624,2,2,2,2,2,dream_agent,-6.0219765,844
183.35443282283177,197.81765777198683,213.72560306645855,227.54034122003202,232.2229913137454,2,2,2,2,2,dream_agent,-6.40403,845
183.32122508913267,197.62304441945767,213.98231870521258,227.88299894867967,232.17754152172702,2,2,2,2,2,dream_agent,-6.6521707,846
183.58046108978556,197.27848330590547,213.76241716183424,227.28431684316243,232.33302918455408,2,2,2,2,2,dream_agent,-6.9615207,847
183.51149685226986,197.65233212281322,213.81662825058618,227.37032718313648,232.16245233485745,2,2,2,2,2,dream_agent,-7.32895,848
183.33443800672524,197.47366620963268,213.562705014941,228.28368354721607,232.57577836505266,2,2,2,1,2,dream_agent,-7.6187077,849
182.7461352684139,197.34576535138117,213.25480739266737,228.2220105893727,232.48763824540546,2,2,2,2,2,dream_agent,-7.475027,850
182.82889176162,197.52740863199548,213.31618395074742,228.73316311527353,231.87893762358055,2,2,2,2,2,dream_agent,-7.0683193,851
182.83739578233403,197.2970254463018,213.5366644479973,228.32611654629162,232.1827891425839,2,2,2,2,2,dream_agent,-6.863751,852
182.79085901116815,197.17345468229112,213.11846703716844,228.29066718910795,231.86418640588457,2,2,2,2,2,dream_agent,-6.8330445,853
182.71124574485634,197.32979020041145,213.78552868659906,227.89924746975439,232.6241290727044,2,2,2,2,2,dream_agent,-6.759055,854
182.05675266236318,197.50574631581307,213.3701957665661,228.0966880552657,231.7890927125928,2,2,2,2,2,dream_agent,-6.628828,855
183.01997389196688,197.54743716447015,213.47237122401273,227.83441160877047,232.1070079180187,1,2,2,2,2,dream_agent,-6.8800755,856
183.26866440093272,197.34675038798588,213.41112227102957,227.83070273237178,231.6303549510396,2,2,2,2,2,dream_agent,-6.9778447,857
183.17473651124527,197.44778098946375,213.696409445587,227.4571993762406,232.19799223647124,2,2,2,2,2,dream_agent,-7.0693626,858
183.62921123732661,197.516103842497,214.06231719701836,227.5179753260909,231.90286363456607,2,2,2,2,2,dream_agent,-7.225295,859
183.28905172586826,197.5640612508033,213.72146871389384,228.16827453648864,232.03204248357486,2,2,2,1,2,dream_agent,-7.491248,860
183.06222306043892,197.83385701636877,213.60312861579874,228.2051707539787,231.91508180572936,2,2,2,2,2,dream_agent,-7.5972652,861
183.32696431358724,197.41602041774962,212.98884967319137,228.30493388119126,231.66912950114263,2,2,2,2,2,dream_agent,-7.618474,862
182.71605353699857,197.54794370350427,213.94432274709442,228.57419736465823,231.2643865984663,2,2,2,2,2,dream_agent,-7.3836946,863
182.69486865161917,197.4491139034819,213.621288792753,228.5443136892346,231.59618735125304,2,2,2,2,2,dream_agent,-6.894145,864
182.33411962042638,197.61903846734376,213.5054155629984,228.0767104873991,231.1572907975955,2,2,2,2,2,dream_agent,-6.385457,865
183.61811997837162,197.50162364589607,213.76112688347902,228.21993904908325,231.55313979087285,1,2,2,2,2,dream_agent,-5.860247,866
183.4162785649785,197.21558729361462,213.6593342156448,227.60063349807749,231.81486079060372,2,2,2,2,1,dream_agent,-5.5614777,867
183.9343042863387,197.21497056670844,213.60519152358427,228.18444523177968,232.36843989389783,2,2,2,2,2,dream_agent,-5.415213,868
183.73109847618298,197.3964701035391,213.18581191722683,227.5152063299608,232.34385083642354,2,2,2,2,2,dream_agent,-5.254886,869
183.40911023911752,197.40488714852083,213.31147835737198,227.55682759653033,232.73875195111933,2,2,2,2,2,dream_agent,-5.095089,870
183.5759088539659,197.1053089815986,213.7296066949289,227.41409616339178,232.24439123847603,2,2,2,2,2,dream_agent,-5.3282523,871
183.51921928146015,196.86977006975457,213.83506294816578,228.04529943539814,232.36584285328038,2,2,2,1,2,dream_agent,-5.602169,872
183.08369674376974,197.1848550991061,213.3015291139141,228.17693747603542,232.28998381400368,2,2,2,2,2,dream_agent,-5.7195196,873
182.9840634306187,197.05092140476575,213.37305592509,228.64829047518762,232.25727741743472,2,2,2,2,2,dream_agent,-5.815199,874
182.69623926519816,197.04683412465738,213.3110814808571,228.13579686613247,232.21301280219353,2,2,2,2,2,dream_agent,-5.8846626,875
182.78542375411226,197.67199471282566,213.1888211661642,228.06030805983514,231.7771245922102,2,1,2,2,2,dream_agent,-6.0002217,876
183.05299578803718,198.41650533660453,213.6644403653701,227.8035014594709,231.65294250277762,2,2,2,2,2,dream_agent,-6.096547,877
182.28382559266842,198.33233048557895,213.3185549863662,227.56796316955737,231.49154091909438,2,2,2,2,2,dream_agent,-6.4277363,878
183.07614290750348,198.50862161813407,213.4838959983334,228.03794951506475,231.4732311284557,1,2,2,2,2,dream_agent,-6.8078027,879
183.06461282709049,197.95089166894894,213.4707007269445,227.62885991178513,231.16907787367782,2,2,2,2,2,dream_agent,-6.624768,880
183.23356407295893,197.91339157053366,213.28360693570994,227.7197445231599,231.91989032041076,2,2,2,2,1,dream_agent,-6.6075535,881
183.17870992029938,198.01678223322787,213.2110034702274,227.66761074906117,232.27281309352176,2,2,2,1,2,dream_agent,-6.4372306,882
183.14449453697392,198.13059805510187,213.4430453520495,228.17948615817218,232.64052367403207,2,2,2,2,2,dream_agent,-6.316754,883
183.0991025825451,198.0286344510873,213.31887429992858,227.94935106589588,232.5017768407481,2,2,2,2,2,dream_agent,-6.1391006,884
182.21809370110554,198.06067734234313,213.64211251281498,227.9557539521806,232.4950808762418,2,2,2,2,2,dream_agent,-6.142625,885
183.35794764673474,197.64967482389977,213.571364920814,227.9249219135277,232.56514443287614,1,2,2,2,2,dream_agent,-6.2179017,886
183.56235066783665,197.88280262442936,213.55562865755147,227.63934957593068,232.0370308459843,2,2,2,2,2,dream_agent,-6.0178986,887
183.4251105964037,197.70290270979928,213.2958899465678,227.83429526416904,232.10546052745366,2,2,2,2,2,dream_agent,-5.6299415,888
183.72443172579156,197.90495668261076,213.81755165356876,227.37297133517626,232.51044521957814,2,2,2,2,2,dream_agent,-5.24758,889
183.48364265666467,197.45706894688615,213.4045054165351,227.25371304190793,232.04676117373597,2,2,2,2,2,dream_agent,-5.0004873,890
183.13294315122144,197.72519189332348,213.6162670002165,227.80676794918384,232.20510711102304,2,2,2,1,2,dream_agent,-5.111075,891
183.41747452440666,197.31424082113915,213.3735212185687,228.20631886363586,232.0447327123753,2,2,2,2,2,dream_agent,-5.176696,892
183.8051950784121,197.41856249617103,213.17726444831504,227.91523494393664,232.43601622008126,2,2,2,2,2,dream_agent,-5.3286242,893
183.00160396502838,196.937801705025,212.88672333998224,228.19541489102514,231.92438161263715,2,2,2,2,2,dream_agent,-5.5012093,894
183.0024377516738,197.16129310281678,213.05355851405994,228.0311275160588,232.1423422931214,2,2,2,2,2,dream_agent,-5.5194893,895
182.36487194997932,197.20338829315443,213.3585970735638,227.8242678616501,232.08302312870086,2,2,2,2,2,dream_agent,-5.4332333,896
182.65646152796504,197.14582681349302,213.03044627589307,227.85199735568452,231.93771417953698,2,2,2,2,2,dream_agent,-5.2701883,897
182.7345436857375,197.23388121796992,213.57779392682824,227.73648018669692,232.02186499335545,2,2,2,2,2,dream_agent,-5.501112,898
182.5232791307451,197.87312131071914,213.33994344272298,227.53712620179712,232.32974308844356,2,1,2,2,2,dream_agent,-5.837909,899
182.68637119910565,198.22554937269422,212.94298567253452,227.90974036548224,231.77216137426169,2,2,2,2,2,dream_agent,-5.84538,900
183.54156688008797,197.98836490667222,213.19325585111403,227.57766271891902,231.7230908013359,1,2,2,2,2,dream_agent,-6.0865984,901
183.48388143898347,198.21165337274215,213.13903153268848,227.63407684031498,231.86600818346864,2,2,2,2,2,dream_agent,-6.1183906,902
183.04876984404476,198.47892793663553,212.91824910551534,227.7368273013562,231.62312086805414,2,2,2,2,2,dream_agent,-6.155763,903
183.30326987751258,198.18906683254383,213.48030176924732,227.4617938430931,231.47156425982598,2,2,2,2,2,dream_agent,-6.0396385,904
183.27109735925342,198.40247400434097,213.5405788162187,227.50130420831056,231.64139978521314,2,2,2,2,2,dream_agent,-6.025199,905
183.2271533280155,198.40833752956217,212.91246291897303,228.31616995285293,231.63037471424906,2,2,2,1,2,dream_agent,-6.2439632,906
182.83928666478897,198.2432622655055,212.8616732341359,228.3041931720569,231.51604707438707,2,2,2,2,2,dream_agent,-6.4275556,907
182.79657641799776,198.29827261991133,213.1646613617253,228.18828325096632,231.52051266822696,2,2,2,2,2,dream_agent,-6.85657,908
182.57347620610796,198.02891410749604,212.94885407795434,228.2479898989377,231.36821659272726,2,2,2,2,2,dream_agent,-7.2446775,909
182.3042369099086,198.40666311344924,212.89580124999947,227.90681147079087,231.25375439329795,2,2,2,2,2,dream_agent,-7.3590374,910
183.33054119986133,198.45155314356649,213.07751109108477,227.6980789609139,232.32204304789482,1,2,2,2,1,dream_agent,-7.2567205,911
183.636758950392,198.4686871549407,212.710847125061,227.60666023641366,232.25658198400617,2,2,2,2,2,dream_agent,-6.55644,912
183.33178010386263,198.10155693849023,212.87174086554845,227.162413539937,232.67612094330136,2,2,2,2,2,dream_agent,-6.255825,913
183.17868018253554,197.94667440103152,212.98614561301588,227.41986192298768,232.77474279851546,2,2,2,2,2,dream_agent,-6.0765576,914
182.8068637503259,197.8900904776343,212.66096492429028,227.0887618404319,232.79753017214753,2,2,2,2,2,dream_agent,-5.8138456,915
182.9558422209639,197.72953960873448,212.64841374020173,227.6015234679494,232.45903181918032,2,2,2,1,2,dream_agent,-5.606034,916
183.13601581609558,197.85284810281067,212.48414923845814,227.70090792393634,232.84736874453003,2,2,2,2,2,dream_agent,-5.3194737,917
182.96464687220333,198.0913252590012,212.57749167887292,227.92618691318464,232.39100338816797,2,2,2,2,2,dream_agent,-5.2723927,918
182.2508343451005,198.02805659336826,212.01586091748817,227.63456884820516,232.08277707269974,2,2,2,2,2,dream_agent,-5.463517,919
182.67324407138204,198.02531663043897,212.64164538379367,227.59543237329896,232.72069850777433,2,2,2,2,2,dream_agent,-5.899788,920
182.76615606082564,197.70112732849077,212.74617279660225,227.37517890922172,232.84702365279344,2,2,2,2,2,dream_agent,-6.09603,921
183.09836636137712,197.85139577240648,212.75902545534316,227.61279788650933,232.75228859487214,1,2,2,2,2,dream_agent,-6.615326,922
183.15837106368437,197.854784525111,212.61236929134762,227.4501825607317,232.3662163545547,2,2,2,2,2,dream_agent,-6.4451575,923
183.11021450583192,197.9464888810914,212.40252355431653,227.9501446815801,232.57231111669435,2,2,2,1,2,dream_agent,-6.470796,924
183.2862817135453,197.4893138820464,212.46491373812964,228.41262367953627,232.2763718395113,2,2,2,2,2,dream_agent,-6.054862,925
182.67000734516142,198.01125981959592,212.80396958777166,228.10606883345739,231.82205702218974,2,2,2,2,2,dream_agent,-5.409009,926
183.16463168832996,197.78717298532047,212.40020951926243,228.14565797042246,232.33463318323825,2,2,2,2,2,dream_agent,-5.215631,927
182.6648058796979,197.5560094416234,212.77145394552448,227.81238569891806,231.6448408320934,2,2,2,2,2,dream_agent,-5.1117606,928
182.54725468919602,197.68328768928757,212.61028287408558,228.08157261681436,231.97916337611375,2,2,2,2,2,dream_agent,-5.0317016,929
182.90250481106509,197.3007155288092,212.6912082367746,227.58097404750626,232.21153229098428,2,2,2,2,2,dream_agent,-4.8942637,930
182.82018373815592,197.81338920935386,212.45872786690555,227.5115804361491,232.3694935147476,2,2,2,2,2,dream_agent,-5.038361,931
182.34855782623222,197.76951679447038,212.85780690544524,227.12893807412613,231.82132035077632,2,2,2,2,2,dream_agent,-5.3974056,932
182.47181652259997,197.97405103666642,212.37330221647,227.1508892128776,232.1674689659964,2,2,2,2,2,dream_agent,-6.069785,933
182.3808930222703,197.74078705549888,212.92731060347893,227.72268717914275,232.2218316195101,2,2,2,1,2,dream_agent,-6.509972,934
182.27353058450132,197.8297529042486,212.55959530539906,228.59724999915645,232.29746475893137,2,2,2,2,2,dream_agent,-6.5204506,935
182.86153084444166,197.71206402124258,212.79026760034895,228.04953754446854,232.02122456726332,1,2,2,2,2,dream_agent,-6.5429883,936
183.11083692597194,197.53715632443638,212.61943630692826,228.390125433356,231.81568226192636,2,2,2,2,2,dream_agent,-6.578144,937
182.64934134238518,197.70093653420702,212.41162120107168,227.7896526933947,231.70683249696407,2,2,2,2,2,dream_agent,-6.555038,938
182.43661354730958,197.4795540407831,212.80371962068537,227.7950838373911,231.76436557615972,2,2,2,2,2,dream_agent,-6.5248823,939
182.56989678201683,197.28738246405246,212.54934292550237,228.02139248646253,231.84631765903063,2,2,2,2,2,dream_agent,-6.387954,940
182.59739288411646,197.69882523131182,212.92282932501817,227.3364029438626,231.98441718154973,2,2,2,2,2,dream_agent,-6.3086815,941
182.75820219950603,197.28285719942292,213.15836226206787,227.4369145560992,231.51503800156163,2,2,2,2,2,dream_agent,-6.5164604,942
182.5452930434538,197.59340227772904,212.78883339821238,227.86670235723804,231.89055247998292,2,2,2,1,2,dream_agent,-7.0273466,943
182.07664007290077,197.1821158425059,212.75438103628696,228.19124644884374,231.45711870175822,2,2,2,2,2,dream_agent,-7.253522,944
182.7501265841073,197.3707643905096,212.53643134447017,228.25572961325534,231.49459935330265,1,2,2,2,2,dream_agent,-7.365696,945
183.32457359961413,197.2675981841863,212.73960221001536,228.39755008531463,231.6159582532564,2,2,2,2,2,dream_agent,-7.2836866,946
182.95654561560755,197.03342521581462,212.83189837979623,228.39780547440074,231.33861053676284,2,2,2,2,2,dream_agent,-6.986816,947
182.64973143366393,197.26653319043461,212.39837557584354,227.98937533030607,231.24217832382112,2,2,2,2,2,dream_agent,-6.75201,948
182.6710300861622,198.05382634273025,212.4032517286016,228.01411105657755,230.9606693418204,2,1,2,2,2,dream_agent,-6.66286,949
182.77519967932213,198.0177681100911,213.01509702071306,227.87900314612534,231.26973533668055,2,2,2,2,1,dream_agent,-6.5257096,950
182.42818072255193,198.40348428072062,212.38155996655257,227.12198473376966,231.72024113733804,2,2,2,2,2,dream_agent,-6.495147,951
183.20717784123434,198.68883890215108,212.863952865243,227.49542592971187,231.91873078961444,1,2,2,2,2,dream_agent,-6.4590373,952
183.7442275134534,198.57423322357147,212.61711493270252,227.2688124712864,232.2885354577111,2,2,2,2,2,dream_agent,-6.722539,953
183.39094731427423,198.23088750287033,212.57074657036137,228.03466578698377,231.79687612549228,2,2,2,1,2,dream_agent,-7.051859,954
183.23603939634066,198.40445254029757,212.43558826825216,228.41595385187512,232.11875148030668,2,2,2,2,2,dream_agent,-6.801394,955
183.0696879354828,198.07265444029733,212.2004601920999,228.58077044757133,232.14912513725278,2,2,2,2,2,dream_agent,-6.440984,956
183.08047644478515,198.344807852802,212.4467057686036,228.2906132322907,232.1779907044724,2,2,2,2,2,dream_agent,-5.9077444,957
182.5306159091907,198.28853204020547,212.1017781970938,228.0970907691738,232.1398552332617,2,2,2,2,2,dream_agent,-5.489096,958
182.76075922888026,197.7852363368201,211.95213527968687,228.2297304038431,232.10071767139559,2,2,2,2,2,dream_agent,-5.3883724,959
182.82162517606508,198.19564931630973,212.59314930504274,228.0333102460555,231.86050307228717,2,2,2,2,2,dream_agent,-5.2884808,960
182.23109441717926,198.30147582647967,212.3150847119254,227.93553708732625,231.7074532231928,2,2,2,2,2,dream_agent,-5.3825784,961
182.6925780049077,198.6576076358692,212.4152288069644,227.70124981328226,231.7926059435959,2,2,2,2,2,dream_agent,-5.510463,962
182.72534273939613,198.11114582366096,212.6356536808116,227.58012219083852,232.3723847392887,2,2,2,2,2,dream_agent,-5.710272,963
183.21716045272655,197.7838903563371,212.7192721253858,227.30290614718828,231.9744316049814,1,2,2,2,2,dream_agent,-5.9455614,964
183.44833778812102,198.12827038989334,212.42157067079276,227.33662462255307,231.99959011866545,2,2,2,2,2,dream_agent,-5.888549,965
183.53347840721713,198.0457227649733,212.20228268135452,228.24866063030962,232.11494751404663,2,2,2,1,2,dream_agent,-5.8534937,966
183.40849546455863,197.9479299147344,211.894198117221,228.02092167272488,231.56883696968507,2,2,2,2,2,dream_agent,-5.6013594,967
183.6003245795784,198.02293999081445,212.41364844573815,228.3084396910373,232.11475277120672,2,2,2,2,2,dream_agent,-5.459393,968
183.28852408618567,197.941162371627,212.327054628634,228.32246272535363,231.95255899213348,2,2,2,2,2,dream_agent,-5.327319,969
182.72309739217172,197.53092863723188,212.5387403293352,228.22931002055793,231.82900752611678,2,2,2,2,2,dream_agent,-5.1291366,970
183.3355254892305,198.02204711398315,212.46250857339305,228.17417445711897,231.7975303997989,2,2,2,2,2,dream_agent,-4.878309,971
183.09194464712334,197.93177603948814,212.4707281492726,228.12932713755984,231.72559570892776,2,2,2,2,2,dream_agent,-4.743643,972
183.02436452136024,197.6799911113478,212.20123538149247,227.77632293502472,231.8382570756922,2,2,2,2,2,dream_agent,-4.664993,973
182.7952294705567,197.90421292508495,212.4050511723721,227.87770121715485,231.37768488616067,2,2,2,2,2,dream_agent,-4.7023273,974
182.42063167156653,197.64488093919675,212.29553965467173,227.54361001705092,231.70109803466403,2,2,2,2,2,dream_agent,-5.08087,975
182.3550066848953,197.58792110805018,212.21150208268332,227.61163436613197,231.19170025839347,2,2,2,2,2,dream_agent,-5.7004237,976
182.5115914910126,197.9425768728515,212.51661679299323,227.43036531047417,231.34728984364588,2,2,2,2,2,dream_agent,-6.070296,977
182.53693041312613,197.6057079244073,212.4451146334582,227.3341937156251,231.03329502107513,2,2,2,2,2,dream_agent,-6.353518,978
183.27953088016216,197.33234507240914,212.45178229237942,228.54257416549257,231.68176620269477,1,2,2,1,1,dream_agent,-6.8849807,979
183.0408437890767,197.72566078195592,212.14595820338306,228.4613241771652,231.98160333688554,2,2,2,2,2,dream_agent,-6.5641236,980
183.2484781082618,197.98669209796157,211.99569475521545,228.5735426822987,231.9980391363214,2,2,2,2,2,dream_agent,-6.308434,981
183.39342587974136,197.93645447446477,212.61477632905465,228.4394071806988,231.82522282157447,2,2,2,2,2,dream_agent,-6.10417,982
183.17416380082784,197.83312149411557,212.28648132875048,228.1006522215118,231.91995357600905,2,2,2,2,2,dream_agent,-5.901633,983
183.09147236506718,197.36378090647582,211.98079473478472,228.24472998147996,231.8599891816678,2,2,2,2,2,dream_agent,-5.776808,984
182.88730404697242,197.77241900200332,212.1255019991966,228.2623756812315,232.22213433955682,2,2,2,2,2,dream_agent,-5.7196054,985
183.09591386060896,197.85536394275798,212.09020745826663,227.9712863369116,231.65066533825615,2,2,2,2,2,dream_agent,-5.6966586,986
182.88769679055824,197.61239014782637,212.1883761683931,227.8523316825023,231.37924788718655,2,2,2,2,2,dream_agent,-5.538714,987
182.89867630651284,197.58590594487265,212.38853409311008,227.67670494235924,231.54499663787155,2,2,2,2,2,dream_agent,-5.6266446,988
182.89494046199363,197.35411032180767,212.33251180399827,227.3660429004793,231.57329900388308,2,2,2,2,2,dream_agent,-5.995647,989
182.6521302285093,197.77166917543957,212.10671951937078,227.63592786424232,230.9255499890031,2,2,2,2,2,dream_agent,-6.3257575,990
182.45740985960413,197.8035897477455,212.5477617461031,227.37325893312132,231.30906479628263,2,2,2,2,2,dream_agent,-6.3070283,991
182.51340515918426,197.81902457373306,212.43917728061308,227.83469048007407,231.99427486628582,2,2,2,1,2,dream_agent,-6.455638,992
182.78515386156099,198.0755885900699,212.49976123176017,228.02149578149195,231.4614742405236,2,2,2,2,2,dream_agent,-6.4621253,993
183.2533015893366,197.48441567932485,213.11995724140564,228.4451864979771,231.95466518695895,1,2,2,2,1,dream_agent,-6.6261096,994
183.30944928282346,197.65260081367407,212.33939039121702,228.23227081306132,232.3189480367646,2,2,2,2,2,dream_agent,-6.4363866,995
183.4218149320715,197.935282369939,212.30722355207743,227.97090091413241,232.36061659735,2,2,2,2,2,dream_agent,-6.129067,996
182.59138726622086,197.66347868949495,212.08165957197048,228.05356940636972,232.10131557980458,2,2,2,2,2,dream_agent,-6.3651824,997
182.6754560929224,197.56960696064087,212.16863026496367,227.65193321308752,232.74733973475762,2,2,2,2,2,dream_agent,-6.364533,998
182.81309944243435,197.26305279104434,212.70560853477107,227.45570675785854,232.23112723397824,2,2,2,2,2,dream_agent,-6.3347507,999
182.75253652108796,197.48002306820982,212.026328336012,227.60285039995,231.92831756319012,2,2,2,2,2,dream_agent,-6.179408,1000
182.56814365709155,197.16195987082807,212.26599617668478,227.38891920181888,232.0439131032877,2,2,2,2,2,dream_agent,-5.908101,1001
182.57193853074813,197.71952848553033,212.52529777447202,227.434201496297,232.292927246372,2,2,2,2,2,dream_agent,-5.7981105,1002
182.45575409059944,197.09278810619927,212.1040267501428,227.66839390143198,231.50523913699885,2,2,2,2,2,dream_agent,-5.856253,1003
182.87323996931823,197.33347910594273,212.6669859717842,227.06575052213688,232.13430021431935,2,2,2,2,2,dream_agent,-5.998208,1004
182.73056248045486,197.32805590560173,212.47029784242002,227.42151992524683,231.55653062371454,2,2,2,2,2,dream_agent,-6.3469987,1005
182.5363722426205,197.32409217149362,212.64789337035683,227.76070142043193,232.11627840861587,2,2,2,1,2,dream_agent,-6.8009925,1006
182.42539715755146,197.04384935855094,212.62811586143113,227.94482659554942,232.17856461685196,2,2,2,2,2,dream_agent,-6.9018183,1007
182.4767604871834,196.81221984212846,212.2657513793047,228.3368129308507,231.89738827517454,2,2,2,2,2,dream_agent,-7.037031,1008
182.92369629977836,197.88187168399654,212.2266653572317,228.0483275588688,231.8650629761423,1,1,2,2,2,dream_agent,-7.325964,1009
183.11948571496902,198.133390512413,212.38476921397512,228.27208284647574,231.36039755283915,2,2,2,2,2,dream_agent,-6.9292226,1010
183.34333832956005,198.77613485779682,212.61043370345126,227.83296750619277,231.7685129329224,2,2,2,2,2,dream_agent,-6.593437,1011
183.06110929323378,198.2076900427911,212.65185103410693,228.0856777691804,232.02826417026688,2,2,2,2,2,dream_agent,-6.650607,1012
182.95722978817443,198.24498425251397,212.20364251951472,227.37468888592696,230.77975447712376,2,2,2,2,2,dream_agent,-6.5830383,1013
182.99808480788556,198.2388581087726,212.73242781207162,227.50098219812725,231.56685063320717,2,2,2,2,2,dream_agent,-6.642615,1014
182.39255430518415,198.1153968112563,212.65050947875767,227.54419457942367,231.07188823166473,2,2,2,2,2,dream_agent,-6.5508857,1015
182.772254173085,198.02778946510534,212.87748727547526,227.25375946360188,231.6412902455279,2,2,2,2,2,dream_agent,-6.4240217,1016
182.73549565318874,198.00936768484007,212.55159549214704,227.85872232857727,231.57412146922482,2,2,2,1,2,dream_agent,-6.482431,1017
182.29912846605532,197.8393056073374,212.47171854042736,228.2633157344507,232.14624402558175,2,2,2,2,1,dream_agent,-6.431103,1018
182.3027201880878,197.81572496412298,212.39801705305365,228.32012552662422,232.21964827283014,2,2,2,2,2,dream_agent,-5.9707904,1019
182.87623126694277,197.81661660729938,212.69105798346177,228.06281196189212,232.30582905197295,1,2,2,2,2,dream_agent,-5.8073325,1020
183.32813617863266,198.29100276624158,212.63607582471457,227.884077995238,232.47706279251346,2,2,2,2,2,dream_agent,-5.8562083,1021
183.14779049569964,197.92423212031736,212.58852314743586,228.01084126481175,232.02418653426602,2,2,2,2,2,dream_agent,-5.9140553,1022
183.37149737006897,197.7224528363602,212.5585711809849,227.9061520152072,232.3593792702939,2,2,2,2,2,dream_agent,-6.032047,1023
182.92835256305233,197.69876749021853,212.62407856994264,227.9507297976683,232.16678917488753,2,2,2,2,2,dream_agent,-6.163977,1024
182.82871525991425,197.98220145457918,212.751729013145,227.7668795492102,232.10701957435492,2,2,2,2,2,dream_agent,-6.3110623,1025
182.8900234234922,197.59679539465904,212.54074733537695,227.84661557848835,231.9311815464303,2,2,2,2,2,dream_agent,-6.273137,1026
182.88393274883677,197.92613969263368,212.6908719207489,227.51025643472147,232.39525899933537,2,2,2,2,2,dream_agent,-6.4180965,1027
182.57775712186037,197.90894573828305,212.81728049888335,227.6932060242531,231.87355297195435,2,2,2,2,2,dream_agent,-6.363892,1028
182.37235184950902,197.43787860164022,212.79218532577002,226.9550060406349,232.17305443806467,2,2,2,2,2,dream_agent,-6.67192,1029
182.7612663943354,197.52583807627622,212.92431980048698,227.90969199496132,232.5427866515314,1,2,2,1,2,dream_agent,-7.0786543,1030
183.1308089403766,197.58548165744864,212.82636704200192,228.53287699899747,232.07808974927715,2,2,2,2,2,dream_agent,-6.9427547,1031
183.90574105348662,197.3915135387199,212.79796396160253,228.09236798310658,231.9053054405376,2,2,2,2,2,dream_agent,-6.7693324,1032
183.36952654507513,197.3818670826894,212.6705432945933,228.2646074653888,231.59857460093366,2,2,2,2,2,dream_agent,-6.613634,1033
183.40048972475003,197.50715871814552,212.94713374277762,228.1276626990873,232.07297952456915,2,2,2,2,2,dream_agent,-6.476853,1034
183.0509995002821,197.38273372069474,212.46284631948004,227.92585147446357,231.78037414823484,2,2,2,2,2,dream_agent,-6.304748,1035
183.18303333531682,197.3989093571237,213.010931528594,228.2721248689351,231.84317784305404,2,2,2,2,2,dream_agent,-6.276372,1036
182.5610200788863,197.2695036818022,212.86465796260788,227.86087022168363,231.55938589629125,2,2,2,2,2,dream_agent,-6.309666,1037
182.5914614648774,197.31136063674214,212.76282115829912,227.7125017944689,232.07276356651593,2,2,2,2,2,dream_agent,-6.1091523,1038
181.84219357466273,196.9709820566109,212.6647576353711,227.829767500714,231.9016372343895,2,2,2,2,2,dream_agent,-5.9521503,1039
183.11305496340347,198.2508684182723,213.1385019962771,227.24268332833537,232.19137984991627,1,1,2,2,2,dream_agent,-6.1596694,1040
182.56665073547717,198.72720852843275,212.2913936517365,227.73988506413136,232.2451342874869,2,2,2,2,2,dream_agent,-5.879252,1041
183.32976508231548,198.87516595210454,213.1536652875694,227.06969754531255,231.93268295832831,2,2,2,2,2,dream_agent,-5.752417,1042
183.19345134218287,198.67227685093349,212.711194518464,227.92308717288756,231.8210804747914,2,2,2,1,2,dream_agent,-5.9276185,1043
182.81863791413178,198.6496654965172,212.7038949524958,227.83953154029462,231.8392018037281,2,2,2,2,2,dream_agent,-5.953777,1044
182.3880139367718,198.5186694543187,212.82941855147075,228.13501651467593,231.91246870379376,2,2,2,2,2,dream_agent,-6.2176523,1045
182.73631959512696,198.4147644824614,212.7458397644553,227.8962916729958,231.45922378421676,2,2,2,2,2,dream_agent,-6.430257,1046
183.38600919738968,198.42004800542486,212.52136841853041,227.95115521374956,231.59469385753596,1,2,2,2,2,dream_agent,-6.774152,1047
183.31316464359526,198.09541790034638,212.7767755241865,227.80231103715053,231.71523586957184,2,2,2,2,2,dream_agent,-6.967639,1048
183.68897541210953,198.27961322320692,212.64576830386383,227.63417737736452,231.65036285082857,2,2,2,2,2,dream_agent,-7.2064867,1049
183.55868208359902,198.00297989150573,212.37302245017307,227.7572980614984,231.7889365607387,2,2,2,2,2,dream_agent,-7.4505243,1050
183.58394784218186,197.98593313796914,213.23776899327137,227.52980803048771,231.7384208066739,2,2,2,2,2,dream_agent,-7.7347746,1051
183.12237731436852,197.89363598922264,212.72205348894389,227.65335473308855,231.38364152676863,2,2,2,2,2,dream_agent,-7.694643,1052
182.9490915532678,197.9520105244777,212.41380386412,227.15207851242167,231.2478287583109,2,2,2,2,2,dream_agent,-7.4381905,1053
182.55955213568996,197.7459051625675,212.6174258960848,228.20022587054126,232.2675553558345,2,2,2,1,1,dream_agent,-7.6791267,1054
182.960505502824,198.03119444372308,212.48047881026827,228.7160504010278,232.19029209963193,2,2,2,2,2,dream_agent,-7.1635294,1055
182.74761361905473,198.0576352139941,212.12015799735605,228.61777726394757,232.2913960323075,2,2,2,2,2,dream_agent,-6.7792025,1056
182.67775281905722,197.93745533286463,212.54055125061976,228.64300079218395,232.6151017102574,2,2,2,2,2,dream_agent,-6.5983796,1057
182.5356974218824,198.08206399325226,212.4175510647301,228.86579327156258,232.2652847412792,2,2,2,2,2,dream_agent,-6.3940697,1058
183.410331161319,197.93653019090104,212.26690424113448,228.04974009390233,232.41968528351816,1,2,2,2,2,dream_agent,-6.273852,1059
183.70220995502245,197.60296101744237,211.91658813027468,228.1773066998407,232.1918491099745,2,2,2,2,2,dream_agent,-6.0622134,1060
183.57380578223763,197.93343531828722,212.20895630573852,228.34133893721338,231.83800823090766,2,2,2,2,2,dream_agent,-5.8957577,1061
183.91419191718137,197.63886944301225,212.0346361649444,228.0987255336285,232.10651373669708,2,2,2,2,2,dream_agent,-5.940784,1062
183.3552940544488,197.83432813033798,211.8827503309669,228.10292796562425,232.37888599890243,2,2,2,2,2,dream_agent,-6.238125,1063
183.42348383930798,198.15443673467632,212.89943866548506,227.95074354941218,232.0108092348031,2,2,1,2,2,dream_agent,-6.6291847,1064
183.21390604610863,197.7238966699754,213.51227746410814,227.56008968224114,231.78469698206558,2,2,2,2,2,dream_agent,-6.586984,1065
183.02660563980902,198.08462973972135,213.70690658634788,227.81164929576275,231.91328865088497,2,2,2,2,2,dream_agent,-6.7039123,1066
182.80038146920592,197.66974999292052,213.68103525709927,227.7964942216659,231.95182254320287,2,2,2,2,2,dream_agent,-6.467671,1067
182.70923554600603,198.20765749866504,213.816985713141,227.6601222740902,231.99139103514247,2,2,2,2,2,dream_agent,-6.3548994,1068
182.49862702785785,198.2006846589352,214.0773444682162,227.9960890013255,232.15738618259664,2,2,2,1,2,dream_agent,-6.5263157,1069
182.43761448981638,197.9421356258781,214.3175589771609,228.21994612982414,232.12309578128682,2,2,2,2,2,dream_agent,-6.546861,1070
182.50631232873616,197.8491101468215,213.9612640086906,228.59458414477862,232.57675586396957,2,2,2,2,2,dream_agent,-6.814978,1071
182.2871366677425,198.3322944616161,213.69771427978614,228.59081461458132,231.96547394451605,2,2,2,2,2,dream_agent,-7.0843287,1072
183.07705637999305,198.14579551206825,214.02699713410934,228.91967351876607,232.42187339250796,1,2,2,2,2,dream_agent,-7.234288,1073
183.2703573152662,198.19627720840634,213.6066068255881,228.54499943019573,231.79598629588108,2,2,2,2,2,dream_agent,-7.076565,1074
182.66261101266045,197.72377116334107,213.7715675543325,228.33677844798004,231.84761947559934,2,2,2,2,2,dream_agent,-6.85321,1075
183.13026866473427,198.32802306933715,213.7110738054802,227.82004880266868,231.80700788853017,2,2,2,2,2,dream_agent,-6.5851736,1076
182.67449068544863,197.67058561452342,213.74514064898773,228.18490031170057,231.7428887454292,2,2,2,2,2,dream_agent,-6.624557,1077
183.0806991658926,198.06670983459009,213.68894878467202,228.1369509969196,231.76222372769956,2,2,2,2,2,dream_agent,-6.3701534,1078
182.8168838096891,198.09990071133652,213.7238642100834,227.82848498616855,231.677610398897,2,2,2,2,2,dream_agent,-6.3767476,1079
182.67590292248423,197.69487619987362,213.78168080449706,228.03118824652708,231.8038256853315,2,2,2,2,2,dream_agent,-6.621162,1080
182.88287081751545,197.72318077895773,214.01799342025777,227.9410401675536,231.43579214887714,2,2,2,2,2,dream_agent,-6.787379,1081
182.94958068813526,198.00324154285954,213.89396746438757,228.2339368054555,231.38212628943876,2,2,2,2,2,dream_agent,-6.988621,1082
183.09084985246636,198.16088902135687,213.86001813947644,227.6343664401565,231.43759601701444,2,2,2,2,2,dream_agent,-7.040885,1083
182.3553464961085,198.3063213126395,213.88294197046932,227.56265770688603,230.9128730246404,2,2,2,2,2,dream_agent,-7.052926,1084
182.56329376776324,197.79448980539897,213.55785215367465,227.12839826723982,231.4737291553963,2,2,2,2,1,dream_agent,-7.026373,1085
183.32812659678606,198.16683302385096,214.0832543898901,227.6029345007465,231.87852848484616,1,2,2,2,2,dream_agent,-6.833179,1086
183.16538096676663,198.0183961213638,213.6118291354129,228.074048257498,232.20881137357642,2,2,2,1,2,dream_agent,-6.3430867,1087
183.44524135507538,197.58290903237292,213.29905204273803,228.46751259767348,232.07509292546413,2,2,2,2,2,dream_agent,-5.688887,1088
183.5361015954375,197.45906494278293,213.76545680266452,228.41930910656365,231.57974964718753,2,2,2,2,2,dream_agent,-5.5133595,1089
183.09114119065347,197.66418075692235,213.53937196644273,228.43627160610805,231.355351623243,2,2,2,2,2,dream_agent,-5.4047194,1090
183.388110505795,197.64363988230753,213.75244165927595,228.30324992168357,231.72921718436407,2,2,2,2,2,dream_agent,-5.669337,1091
182.99163797648816,197.69719441485913,213.08776133625784,228.1421444392417,231.5665613220831,2,2,2,2,2,dream_agent,-5.810654,1092
183.0102095776809,197.7193407230107,213.79807126479892,227.9591331311845,231.68059563976425,2,2,2,2,2,dream_agent,-5.9973083,1093
183.19870511296557,198.02761455351413,214.15766562547233,227.90926908484246,231.22311905465415,2,2,2,2,2,dream_agent,-6.204347,1094
183.15338719780235,197.89231740211235,214.0951483800221,227.44878609623402,231.75010644168347,2,2,2,2,1,dream_agent,-6.2482657,1095
182.8658359477206,197.9328937602522,213.87029900444622,228.41823517085382,232.31931831868897,2,2,2,1,2,dream_agent,-6.55515,1096
183.12004043100984,198.08013803105442,213.59850527914094,228.43432502372923,232.1520537422553,2,2,2,2,2,dream_agent,-6.747696,1097
182.6940868128876,197.88361919967988,213.62901128121683,228.2294033900337,232.5958084393579,2,2,2,2,2,dream_agent,-7.028327,1098
182.54643533216714,197.75433948111865,213.6327122368722,228.3508563090558,232.58061259003873,2,2,2,2,2,dream_agent,-7.2381115,1099
182.56105092190091,197.69879510552633,213.64810066772642,228.39631113074935,232.31053248122333,2,2,2,2,2,dream_agent,-7.4992437,1100
182.66147648590973,197.86121369899047,213.23043117648186,228.173856579425,232.124542383304,2,2,2,2,2,dream_agent,-7.4665794,1101
182.81137845204353,197.9016034804023,213.7439082923912,228.18010771443645,232.4043326312934,2,2,2,2,2,dream_agent,-7.3540697,1102
182.31414948916688,198.1494131213128,213.5514755477959,227.7986828365412,232.156970160914,2,2,2,2,2,dream_agent,-7.2145424,1103
183.18586837024677,197.47477019268035,213.28462775324755,228.35468513392752,232.21138600957448,1,2,2,2,2,dream_agent,-6.9912252,1104
183.41241819365996,197.77150304878322,213.48622074696254,227.63592608485385,231.84041678889236,2,2,2,2,2,dream_agent,-6.5642104,1105
183.1839921029685,197.98545289610976,213.70499148489793,227.9726018206077,231.8271565890749,2,2,2,2,2,dream_agent,-6.2125907,1106
183.28392571907662,197.5863998151771,213.51946745936291,227.66810172086144,232.41961798240825,2,2,2,2,2,dream_agent,-6.165742,1107
183.16506149262037,197.48047550508088,213.99015657314948,227.56905280822693,232.36960226717108,2,2,2,2,2,dream_agent,-6.1443586,1108
183.12074965794267,197.69852748790962,213.38265224265442,228.27763807982123,231.79765901316182,2,2,2,1,2,dream_agent,-5.9411616,1109
182.8094198237797,197.6416158010847,213.57639538194067,228.63331753526631,232.23953121400655,2,2,2,2,2,dream_agent,-5.7152634,1110
182.7185237912136,197.19195682976502,213.45789192176434,228.73597107645932,231.99508077806618,2,2,2,2,2,dream_agent,-5.3820486,1111
182.52554335682342,197.44025444013522,213.69264134671755,228.58737931883084,231.86222730103347,2,2,2,2,2,dream_agent,-5.1042275,1112
182.22098366701485,197.2455279665026,213.4851675682461,228.45568082266004,232.32792820267412,2,2,2,2,2,dream_agent,-4.79675,1113
182.21410968502605,197.28085622305701,213.73599707813344,227.96931574375174,231.67718263963607,2,2,2,2,2,dream_agent,-4.6979284,1114
182.93958909536772,198.12998145465775,213.26375218159149,228.16703350382667,232.12173268348928,1,1,2,2,2,dream_agent,-4.870026,1115
183.0170166286931,198.0775201123678,213.64177259621152,227.86950488902,232.1189840940475,2,2,2,2,2,dream_agent,-4.7901745,1116
183.1480764293853,198.7618314601765,213.72547294710904,228.10289429717312,231.95991199898157,2,2,2,2,2,dream_agent,-4.8539977,1117
182.6549060523216,198.61410538210157,213.50709812744276,227.82139403348742,231.71935258149415,2,2,2,2,2,dream_agent,-5.04474,1118
182.87556205299794,198.6437014204917,213.6155709356154,227.88880153189194,231.6919119752023,2,2,2,2,2,dream_agent,-5.151106,1119
182.79596740705983,198.56336973539896,213.79487112542117,227.83796494590106,231.53379933834748,2,2,2,2,2,dream_agent,-5.3923497,1120
182.7251930507867,198.74877288762423,213.65997528731893,227.79065578225217,231.44030945884543,2,2,2,2,2,dream_agent,-5.6801662,1121
182.69092234001965,198.6484980195391,213.51340424784874,228.08947794802572,230.94158906606066,1,2,2,2,2,dream_agent,-5.8903766,1122
183.58543872081185,198.407343284354,213.33669227104593,227.46633866959368,231.32114223673562,2,2,2,2,1,dream_agent,-5.662621,1123
183.05692393983668,198.13686862651065,213.19707479666314,227.24453813153374,232.24592631739537,2,2,2,2,2,dream_agent,-5.3726287,1124
182.7821056244766,198.44379069267015,213.10200277012808,228.00624034083214,231.98185547496044,2,2,2,1,2,dream_agent,-5.2999487,1125
183.46074336636622,198.34681578825152,212.97047130848506,228.17740542494565,232.0645300945858,2,2,2,2,2,dream_agent,-5.0689588,1126
183.33940298526701,198.37500832339637,212.9001517872231,227.97753275190814,232.11072233571548,2,2,2,2,2,dream_agent,-4.9441066,1127
182.3862057556361,197.52918070493405,212.68749806717508,228.07016646471496,232.14723442457282,2,2,2,2,2,dream_agent,-4.9690604,1128
182.69164738806887,198.07327775070294,212.88126435967757,227.77304934136725,232.28213868632574,2,2,2,2,2,dream_agent,-4.8233156,1129
182.5042136213594,197.53673820371705,212.79516847952453,227.57168427768255,231.5727606992456,2,2,2,2,2,dream_agent,-4.8432503,1130
182.5015729528719,197.71987137754024,213.03854302844888,227.55897680883257,231.88983991476596,1,2,2,2,2,dream_agent,-4.922303,1131
182.98403653056522,197.79264356591705,212.70085796467046,227.94403205513103,231.84103084997625,2,2,2,2,2,dream_agent,-4.7896986,1132
182.79453193872476,197.81479166940073,212.76539630274243,227.25929422035335,231.88183172771872,2,2,2,2,2,dream_agent,-4.6477547,1133
182.94283930612104,197.69867661072075,213.1235602877409,228.05722929196693,232.1567886059904,2,2,2,1,2,dream_agent,-4.8323026,1134
182.32000329658797,197.80757553204637,212.6360985778452,228.63785371669522,231.49499759281596,2,2,2,2,2,dream_agent,-4.832749,1135
182.47700256879548,197.88577598380982,213.0229791885583,228.3356745484579,231.3562282264001,2,2,2,2,2,dream_agent,-4.768531,1136
182.44042673519584,198.0070870721484,213.103355916148,228.16268291897453,231.8022838699518,2,2,2,2,2,dream_agent,-5.003057,1137
182.87657933375547,198.1844705680806,213.10734194831196,228.70943142710465,231.74465544229062,1,2,2,2,2,dream_agent,-5.735445,1138
183.31003385781793,197.35298899526614,212.78109830292638,228.10669876848524,231.60227093108367,2,2,2,2,2,dream_agent,-6.186288,1139
183.25706840175636,197.5776641895851,212.92026134929964,228.00963485394587,231.37379684643642,2,2,2,2,2,dream_agent,-6.8003416,1140
183.56307471205497,198.08353350258562,212.85548367085087,227.77096197582912,231.58910239541564,2,2,2,2,2,dream_agent,-7.36351,1141
182.93498080716296,197.62180974179458,212.59401650239835,227.49906036160277,231.06113309320168,2,2,2,2,2,dream_agent,-7.70825,1142
183.00854209851676,197.58003466245032,212.95031745608367,227.61054825460383,231.7870563857406,2,2,2,2,1,dream_agent,-7.899086,1143
182.9246622634251,197.14717859320314,212.6214067437524,227.4420361246676,231.98165731442415,2,2,2,2,2,dream_agent,-7.605296,1144
182.80179570766998,197.56624197075703,212.79769367541996,226.95506914548653,232.1805967015389,2,2,2,2,2,dream_agent,-7.5202065,1145
182.30964452360283,197.45807021561168,212.60350142730798,227.94807257431353,232.11328951686167,2,2,2,1,2,dream_agent,-7.637844,1146
182.50068002160734,197.7034700649479,212.53406200111547,228.17977037449606,232.0710086776516,2,2,2,2,2,dream_agent,-7.5920076,1147
182.36624990939006,197.1931592219998,212.20547564999268,228.5818247521169,232.2578494248169,2,2,2,2,2,dream_agent,-7.2965536,1148
183.17453985217267,197.29208022420866,212.5647253747184,228.46018351717746,232.02521288526327,1,2,2,2,2,dream_agent,-7.0056343,1149
183.28308702078778,197.3737080063145,212.7293225426676,228.53363959873394,231.90838322420117,2,2,2,2,2,dream_agent,-6.55604,1150
183.47939283260567,197.22271901981418,212.54773364899398,227.98122437821823,231.78401363388454,2,2,2,2,2,dream_agent,-6.2706857,1151
183.11936575011674,197.17453080385692,212.61212416686848,227.53726956836863,231.81327213912164,2,2,2,2,2,dream_agent,-6.3305936,1152
182.732243630476,197.3452431489856,212.281363251358,227.79486528177395,231.85638943960473,2,1,2,2,2,dream_agent,-6.453677,1153
182.46066924651143,198.49728829720402,212.27883556920074,227.7136429341394,231.28577886659062,2,2,2,2,2,dream_agent,-6.470253,1154
182.72726172248508,198.03119745074062,212.39712916844624,227.55005027530134,231.54145034640644,2,2,2,2,2,dream_agent,-6.2980633,1155
182.79134922190096,198.4898564954174,212.1060706350651,227.62610788116115,231.1219487447282,2,2,2,2,2,dream_agent,-6.117023,1156
182.69793722693845,197.87813483259887,212.4585486269552,227.57217210760862,231.38573102487916,2,2,2,2,2,dream_agent,-5.910683,1157
183.0089892270799,198.05810774693762,212.36137966885062,228.06950176076182,231.58140789185111,1,2,2,1,2,dream_agent,-5.817168,1158
183.07490493325636,197.796869464209,212.35651142927816,228.13376847257123,231.49610434834946,2,2,2,2,2,dream_agent,-5.6143985,1159
183.1672440706717,198.0025824012694,212.42678319923354,228.19755858863977,231.95893386642666,2,2,2,2,2,dream_agent,-5.7169113,1160
183.00756955257344,198.34434107402316,212.35474079607286,227.63977883948445,231.53126132895707,2,2,2,2,2,dream_agent,-5.785644,1161
182.69117365195257,197.79600231255733,212.25604371081792,227.893760987756,231.74185147596103,2,2,2,2,2,dream_agent,-5.7885704,1162
183.06975130108097,198.28471053053497,212.83119069083875,227.67815194082493,232.03180675323372,2,2,2,2,2,dream_agent,-6.1092606,1163
182.82926640613692,198.02401830346489,212.37440223676185,227.27488291410606,231.50282988668414,2,2,2,2,2,dream_agent,-6.3005033,1164
182.56230487702197,198.4572950773005,212.74403697456938,227.61433558369316,231.48350176383937,2,2,2,2,2,dream_agent,-6.668385,1165
183.26617963071908,198.28808613485717,212.91589070043275,227.32025222899995,231.78338777546347,1,2,2,2,2,dream_agent,-6.975123,1166
183.36481608097233,197.6332751405042,212.2067397751389,228.2094094954996,231.2820209557023,2,2,2,1,2,dream_agent,-6.890092,1167
183.60407948415602,197.8433573254478,212.36667934517206,228.2730798803931,231.57560989715347,2,2,2,2,2,dream_agent,-6.5142455,1168
183.52898959099943,197.8204731514714,212.30298533922658,228.3005492545174,232.15981286069723,2,2,2,2,1,dream_agent,-6.075785,1169
183.57841212511144,197.64187195158132,212.1706701123761,228.59057465895003,232.26975003270996,2,2,2,2,2,dream_agent,-5.6745877,1170
183.64272282205502,197.71625365817175,212.24220635105817,227.76151103055264,232.7309888483977,2,2,2,2,2,dream_agent,-5.6431756,1171
183.68158026333091,197.688380820997,212.67338230830032,227.72947721974518,232.33822415812256,2,2,2,2,2,dream_agent,-5.9690194,1172
183.49827073736319,197.40973019041053,212.5236154057025,228.06099674923973,232.66573240891148,2,2,2,2,2,dream_agent,-6.0406456,1173
183.3539193383188,197.8648912075572,212.52330470597977,227.47017852828873,232.50235000662084,2,2,2,2,2,dream_agent,-6.1389637,1174
183.2624466346755,197.50437310830404,212.53193328634237,227.79120485633536,232.5250645477592,2,2,2,2,2,dream_agent,-6.331116,1175
183.0749817369641,197.45258415979472,212.46961535906203,227.5925424589126,232.41750063757215,2,2,2,2,2,dream_agent,-6.5550203,1176
182.99508237826294,197.73568235655253,212.35783741775404,227.3364328281382,232.22708009393017,2,2,2,2,2,dream_agent,-6.595978,1177
182.95363832257897,197.41024466163702,212.53512192476612,227.47813582689784,232.5963808312154,2,2,2,2,2,dream_agent,-6.6247716,1178
183.14504242991822,197.3085604131352,212.66896550064416,227.22522212429234,232.47635362591294,2,2,2,2,2,dream_agent,-6.6500854,1179
182.71368624625273,197.54355767132637,212.4880580135793,228.06377007748378,232.85912743786554,2,2,2,1,2,dream_agent,-6.858464,1180
182.42963953764664,197.2937046594049,212.34980863445043,228.04795170721724,232.2695022489977,2,2,2,2,2,dream_agent,-6.6174235,1181
182.36327871142984,197.47942836334377,212.36301110747564,228.07223499833225,232.93970297452643,2,2,2,2,2,dream_agent,-6.3475733,1182
182.56648881654374,197.07398852563884,212.02910245286355,227.87936846477868,231.98528930429606,2,2,2,2,2,dream_agent,-6.245062,1183
182.60303786381752,196.7838670042159,212.412180205804,228.18815044971666,231.90125154792,1,2,2,2,2,dream_agent,-6.4898844,1184
182.92438641185092,197.10964831318722,212.1252520810573,227.57038101363293,231.9305845757399,2,2,2,2,2,dream_agent,-6.421031,1185
182.55477614537958,196.77559233232802,212.4192730926245,227.87346018901115,231.92014236940435,2,2,2,2,2,dream_agent,-6.3790994,1186
182.67435201286398,196.97894724935125,212.9412543937288,227.29817176877447,231.7512569458126,2,2,2,2,2,dream_agent,-6.279452,1187
182.70446023645636,197.31977362425854,212.01470318350619,227.27846156355088,231.80861782833145,2,1,2,2,2,dream_agent,-6.072802,1188
182.43063426261858,198.44561877004335,212.32372812293374,227.44579081296553,231.5606684718759,2,2,2,2,2,dream_agent,-5.630092,1189
183.03230838493016,197.97300074992015,212.54755392424184,227.39802838646878,231.53383255282702,1,2,2,2,2,dream_agent,-5.7253795,1190
182.96019705682014,198.1782316988511,212.75794592359492,227.99998576239688,231.7571389093663,2,2,2,1,2,dream_agent,-5.579922,1191
182.75995083962832,198.2120038398672,212.48742857047122,228.4000456272577,231.7533593052807,2,2,2,2,2,dream_agent,-5.4217997,1192
183.31002523296002,197.96224636339315,212.79597814308588,228.51914226101144,231.90677949869124,2,2,2,2,2,dream_agent,-5.4284105,1193
182.7931070379434,198.033674213944,212.72921708123312,227.62336423623856,231.83274046646375,2,2,2,2,2,dream_agent,-5.6097493,1194
182.66098819333638,198.0184254418684,212.70780328115418,227.92175247458007,231.6539731254076,2,2,2,2,2,dream_agent,-5.8682513,1195
182.96576290549083,197.87240701669168,212.95947117116054,228.07625053939034,232.1138926929765,2,2,2,2,2,dream_agent,-5.9991016,1196
182.58497229499045,197.57385770141562,212.82632740212858,227.42422794299677,232.01080024114594,2,2,2,2,2,dream_agent,-5.7137723,1197
183.38294816073216,197.55220601208714,213.043340128623,227.65185092805663,231.8663660113844,1,2,2,2,2,dream_agent,-5.4650292,1198
183.33739191385723,197.96241381809153,212.47704650653665,227.7184576426191,231.84170845547084,2,2,2,2,2,dream_agent,-5.2984033,1199
183.43720962475825,197.95309979121566,212.86417565515225,226.97978113991897,232.05458961250056,2,2,2,2,2,dream_agent,-5.516138,1200
183.73245681237356,197.7615733145328,212.2768199661597,227.33340600128787,231.83197197418463,2,2,2,2,2,dream_agent,-5.8864512,1201
183.19128454970337,197.5587012904331,212.33056034322993,226.95029948224985,231.99257282753516,2,2,2,2,2,dream_agent,-6.344449,1202
183.06853918865482,197.95431665355676,212.55299690831626,227.8166387992421,231.8528185399667,2,2,2,1,2,dream_agent,-6.7787776,1203
183.24277713922174,197.60084102761073,212.30479561426745,228.07424234362747,231.66688343388776,2,2,2,2,2,dream_agent,-6.512551,1204
183.23679210012364,198.11123298844893,212.39796249251668,228.41715018059094,231.9049265812412,2,2,2,2,2,dream_agent,-6.342332,1205
183.16607459712864,197.70316329172263,212.04161419066952,227.90989790235602,231.16886144083637,2,2,2,2,2,dream_agent,-5.9504094,1206
182.79235080472344,197.5206307691168,212.3983573890498,228.1151378749763,231.9353101321524,2,2,2,2,1,dream_agent,-5.6296396,1207
182.80023619622122,197.41707547266955,212.27329352728822,227.8209001770948,232.1181764995763,2,2,2,2,2,dream_agent,-5.3536983,1208
182.84488413140926,197.5749238879922,212.60838308722336,227.8848236898201,231.87332806771826,2,2,2,2,2,dream_agent,-5.2441535,1209
182.81853931552348,197.44566419507208,212.08642056533668,227.46602992482198,231.76618720806505,2,2,2,2,2,dream_agent,-5.1858926,1210
182.2943279197995,197.4733143010412,212.12035410019698,227.7435769352973,232.2212079842481,2,2,2,2,2,dream_agent,-5.166765,1211
183.0846989609968,197.35096264132895,212.2135670071742,227.38842032189683,232.08510790094877,1,2,2,2,2,dream_agent,-5.240436,1212
183.4695642558887,197.45589195250702,212.24676005356875,227.56270711708157,231.94610053136128,2,2,2,2,2,dream_agent,-5.3348837,1213
183.2179784770418,197.48597604083582,212.47775403418734,227.51557995693125,231.99591804430548,2,2,2,2,2,dream_agent,-5.36845,1214
183.14353403958475,197.89055642875238,212.21036512804002,227.28085485282506,232.06060018005834,2,2,2,2,2,dream_agent,-5.668114,1215
183.0915443593937,197.56973810201953,211.61955341757647,227.9253665063978,231.58295699433506,2,2,2,1,2,dream_agent,-6.0724363,1216
183.0642326180511,197.88502662964993,212.16369563488524,228.62185545815672,231.63297146868572,2,2,2,2,2,dream_agent,-6.1853166,1217
182.98903696291563,198.07911491788894,212.25310115689777,228.38307016951546,231.74282001690838,2,2,2,2,2,dream_agent,-6.121559,1218
182.55695692962837,197.7555747545709,212.02887168397413,228.46241934122094,231.86637404424152,2,2,2,2,2,dream_agent,-5.7956724,1219
182.54953151066766,197.64619380834134,212.43610268722534,228.10116833258562,231.72946044768955,2,2,2,2,2,dream_agent,-5.724682,1220
182.1402539757319,198.12448755671218,212.08519721525272,227.91644369747186,231.2985087905567,2,2,2,2,2,dream_agent,-5.802116,1221
182.70656871127707,197.20675254116406,212.06777083970974,228.10705581870315,232.19289511046148,1,2,2,2,2,dream_agent,-5.770845,1222
182.89479481380025,197.60231849236024,212.46128337312499,227.60290735710998,231.60131470627968,2,2,2,2,2,dream_agent,-5.624209,1223
183.66777212699958,197.69277336171984,212.42451056213432,227.57663191447404,231.66683928764044,2,2,2,2,2,dream_agent,-5.414588,1224
182.7545239155672,197.33699939419324,212.53341267104435,227.389789895787,231.55655137808276,2,2,2,2,2,dream_agent,-5.426616,1225
182.4503911448029,197.4136598482005,212.56204423478485,227.67163007292226,231.69597087613874,2,2,2,2,2,dream_agent,-5.520407,1226
182.72094875352735,197.4170498255549,212.40747520574243,227.40468025944287,231.46186234628018,2,2,2,2,2,dream_agent,-5.3690734,1227
183.2106693006791,197.36868944434048,212.45361888760584,228.0607902314947,231.58058548597697,1,2,2,1,2,dream_agent,-5.494412,1228
183.31100942140407,197.3572997003996,212.42938259814755,228.0281476933198,231.48463796689163,2,2,2,2,2,dream_agent,-5.295912,1229
183.2942954186442,197.6811505696444,212.3871704599597,227.9525800575763,231.24707391585386,2,2,2,2,2,dream_agent,-5.3617883,1230
183.37917540136547,197.56919996954562,212.45632065043003,227.9535360058942,231.0904612864736,2,2,2,2,2,dream_agent,-5.340504,1231
182.84997357772286,197.2397718882645,212.08554905413604,227.86881635963803,232.13688209072316,2,2,2,2,1,dream_agent,-5.356415,1232
183.27401339846566,197.62705781671684,212.22289707117264,227.21735807046804,232.28181311600406,2,2,2,2,2,dream_agent,-5.272697,1233
183.48364313518675,197.3486781865721,212.09666218285614,227.35760317052964,232.50663842764354,2,2,2,2,2,dream_agent,-5.5593214,1234
182.71482224312126,197.62022192782132,211.8957389536323,227.1489533350915,232.31064275119573,2,2,2,2,2,dream_agent,-5.982561,1235
183.17906389509844,197.40324662017395,212.29548493041693,227.39613109063743,232.55366053279664,2,2,2,2,2,dream_agent,-6.634234,1236
182.84168148666666,197.87614097744816,212.0009208566018,228.10424102736482,232.1899441529467,2,2,2,1,2,dream_agent,-7.160492,1237
183.06109345078687,197.39456997746728,212.12335416999701,228.3482832056319,232.76817668880796,2,2,2,2,2,dream_agent,-7.4845266,1238
182.95086069445966,197.08743495593868,212.2594072427834,228.58463471239807,232.86293148558602,2,2,2,2,2,dream_agent,-7.5803375,1239
182.69225833179345,197.03217589061381,211.63265547700328,228.5085920357103,232.16408671122846,2,2,2,2,2,dream_agent,-7.493702,1240
182.62123098153273,196.7982851951492,212.66891952170374,228.31096594686403,232.44460951827003,2,2,1,2,2,dream_agent,-7.307703,1241
182.8128854021072,197.10145467640322,213.40802782084603,228.25615520692534,232.4048597403896,2,2,2,2,2,dream_agent,-6.856386,1242
183.5176300541221,197.12906369659723,213.249377297205,228.02303632917108,232.10658003241548,1,2,2,2,2,dream_agent,-6.6525755,1243
183.1130645610602,197.49358813840703,213.6340859246406,228.1267480889851,232.29933254546862,2,2,2,2,2,dream_agent,-6.5465264,1244
183.30126495796387,197.6761506347812,213.1135776314417,228.13712903139196,231.70371296066756,2,2,2,2,2,dream_agent,-6.2227407,1245
183.03005439946423,197.78533921709143,213.42990592847033,228.17491070800153,231.87225368060962,2,2,2,2,2,dream_agent,-6.0312147,1246
183.327392625253,197.79144116654408,213.55688055054495,228.079378414693,231.5818997698654,2,2,2,2,2,dream_agent,-6.019951,1247
183.23069267735218,197.40503148613416,213.4332363801137,228.07443775877618,231.5739676694486,2,2,2,2,2,dream_agent,-5.788946,1248
183.14509616360297,197.42526677245746,213.5983586946284,227.62656789226014,231.42321453259186,2,2,2,2,2,dream_agent,-5.908075,1249
183.32851370282523,197.63261715309343,213.4975254771742,227.53129565791147,231.94271474548108,2,2,2,2,2,dream_agent,-5.8685822,1250
182.7151856637538,197.4248554311828,213.71602262856706,227.19802845450738,231.87531373086446,2,2,2,2,2,dream_agent,-5.9376245,1251
182.90859942351898,197.37141679892932,213.4694958874228,227.94207606882208,231.6123854181669,2,2,2,1,2,dream_agent,-6.0205083,1252
182.790065722175,197.3101358902315,213.35517904261883,228.1947354326248,231.7886437449105,2,2,2,2,2,dream_agent,-6.0835943,1253
182.52174423587346,197.4835057973138,213.28688999949566,228.5582103833412,231.6414368676632,2,2,2,2,2,dream_agent,-6.0340266,1254
182.51582430821756,197.533132877228,213.00841063983458,228.14276133006803,231.0333568723685,2,2,2,2,2,dream_agent,-5.880506,1255
182.8458554885669,197.1093722594661,213.20330770416254,228.6738721511846,231.53154829916016,1,2,2,2,1,dream_agent,-5.7621055,1256
182.99961841705374,196.99360681516214,213.06986764072292,228.18031401369262,232.2944979468464,2,2,2,2,2,dream_agent,-5.6883473,1257
183.39163495809564,197.27590048956398,213.38775147815713,228.108719232538,232.09073970421042,2,2,2,2,2,dream_agent,-5.7282476,1258
183.41587831350046,197.1427575708912,212.9395361332712,228.0113573440156,231.8305148422054,2,2,2,2,2,dream_agent,-6.004291,1259
183.35023387807524,197.43883698598927,213.08042485644452,228.1102727635827,232.021360673338,2,1,2,2,2,dream_agent,-6.34527,1260
183.44942910890765,198.3284593694044,213.5255986772679,227.8461165045209,232.1882276954871,2,2,2,2,2,dream_agent,-6.4270773,1261
182.7622759075457,198.33330363018638,213.1025618791967,227.53240880533588,231.2609259164656,2,2,2,2,2,dream_agent,-6.5066624,1262
182.76947315370418,198.75544629998387,213.43047087442955,227.74214811063703,231.82100668541412,2,2,2,2,2,dream_agent,-6.595074,1263
182.51752510983138,198.5607230945822,213.06744727561176,227.50714521493165,231.60424973603924,2,2,2,2,2,dream_agent,-6.394567,1264
182.19884752450457,198.51035956767592,213.2188482039965,227.49694563538026,231.53368601827583,2,2,2,2,2,dream_agent,-6.228014,1265
182.92689116115852,197.97630248989674,213.21357858763744,227.71264271495318,231.88921252223653,1,2,2,1,2,dream_agent,-6.3280406,1266
183.01037766915462,198.15179460346218,212.9558923921631,228.01042316798473,231.54789155190096,2,2,2,2,2,dream_agent,-6.2989926,1267
183.62562578952512,198.3111916881591,213.1255860538866,227.99790126917216,231.39176178302682,2,2,2,2,2,dream_agent,-6.2454057,1268
183.01723273497294,198.26998675164495,212.77595679651418,227.79649821958054,231.4487128421826,2,2,2,2,2,dream_agent,-6.3547664,1269
183.01651237931335,198.1184359604261,213.18260637967592,227.98023185530784,231.7559214585511,2,2,2,2,2,dream_agent,-6.489113,1270
182.62141113683904,198.49712108877833,212.9541327883283,227.723169020615,231.56830620956768,2,2,2,2,2,dream_agent,-6.5242867,1271
182.71655221251677,198.4775091401084,212.80026258062628,227.52409199186272,231.652219475074,2,2,2,2,2,dream_agent,-6.6279297,1272
182.49561931897998,198.53506193379778,212.74230260655557,227.43951658986708,231.9541189424989,2,2,2,2,2,dream_agent,-6.6832213,1273
182.36927412911066,198.3386285644765,212.6245091024341,228.08297410118377,231.71632802010325,2,2,2,1,2,dream_agent,-6.7843046,1274
181.80661226466998,198.62708827524327,212.8227360770069,228.44273037949765,231.46927712748405,2,2,2,2,2,dream_agent,-6.555802,1275
183.07578817316107,198.1687375271077,212.82563370242357,228.04943072941305,231.0788546332278,1,2,2,2,2,dream_agent,-6.40624,1276
183.01179058948478,198.28485516484054,212.37298485691093,228.38271178251048,231.17630592387647,2,2,2,2,2,dream_agent,-6.0867176,1277
183.15587651606359,198.70033846243268,213.18949103052682,227.86718580227858,231.21669109258377,2,2,2,2,2,dream_agent,-5.9872856,1278
182.76706641733313,198.62877463411846,212.7042798632819,227.8132313573958,231.5030375408256,2,2,2,2,1,dream_agent,-6.072611,1279
182.78834442718448,198.39413550718103,212.58290340295062,227.72361218848712,231.87214852928582,2,2,2,2,2,dream_agent,-6.2905507,1280
182.74241862455747,198.44537626084485,212.5384796864004,227.57071929400445,231.58187365034902,2,2,2,2,2,dream_agent,-6.4239225,1281
182.9683634229307,198.30122661794917,212.3364281035184,227.58056013676497,231.84267871628342,2,2,2,2,2,dream_agent,-6.5406723,1282
182.2820753636656,198.44630779440035,212.50406448888785,227.61158230776877,231.62695854932096,2,2,2,2,2,dream_agent,-6.5660934,1283
183.29595062209225,198.38313562356765,212.37531707412853,227.57842468918807,231.61267923439692,1,2,2,2,2,dream_agent,-6.642657,1284
183.25150634713822,198.67511986299542,212.54019311359505,227.29809859426913,231.43025469035314,2,2,2,2,2,dream_agent,-6.3324847,1285
183.78577421598854,198.56472064906478,212.41504817442785,227.63527838563158,231.21163133759813,2,2,2,1,2,dream_agent,-6.452261,1286
183.4750844867782,198.37837373436142,212.36692516814884,228.39042723644613,231.21460616723098,2,2,2,2,2,dream_agent,-6.336535,1287
183.5373127214646,198.58023706775882,212.41778515516322,228.08548458889243,231.96540074701295,2,2,2,2,1,dream_agent,-6.606422,1288
183.22730196152312,198.19493880419327,212.55773850640105,228.2639315203595,231.69291440189198,2,2,2,2,2,dream_agent,-6.545109,1289
183.40113709706986,198.22443647053237,212.37371586204048,228.39849475693882,232.26359696152107,2,2,2,2,2,dream_agent,-6.6141553,1290
182.57295722463704,198.44584277825066,212.40863495309182,228.17347671883257,231.91603433025028,2,2,2,2,2,dream_agent,-6.725843,1291
182.91809645294973,197.95784636015821,212.47220785611043,228.52355945024877,231.93048240436357,2,2,2,2,2,dream_agent,-6.591636,1292
182.8830957996139,198.42664056488377,212.33718296492907,227.90875786293554,231.74150222376022,2,2,2,2,2,dream_agent,-6.6405964,1293
181.81255447210938,198.31102055421053,212.19924324241887,228.2133958119387,231.4988479746432,2,2,2,2,2,dream_agent,-6.4144626,1294
182.8509814414484,198.1932659101276,212.3585637767812,228.37019624744835,231.46517584826807,1,2,2,2,2,dream_agent,-6.106928,1295
182.89023781774102,198.2252650150807,212.16881099222454,228.01289670024494,231.3111685706005,2,2,2,2,2,dream_agent,-5.6630263,1296
183.3588203506784,197.55109622360592,212.22229367892237,227.73005992802032,231.2893591444852,2,2,2,2,2,dream_agent,-5.3283973,1297
182.7594523304196,197.94853259831262,212.15661997041337,227.4204876880046,232.1448387589782,2,2,2,2,1,dream_agent,-5.285439,1298
182.81134285837427,197.88065734120266,211.6198552780721,227.72656274412768,231.9147112554473,2,2,2,2,2,dream_agent,-5.043537,1299
183.2311519898285,197.64661971027252,213.18289154983006,228.40628954249746,232.16544681064104,2,2,1,1,2,dream_agent,-5.2393813,1300
182.8225582304655,197.54655071772325,213.67290246535356,228.52423384203414,231.89364945190303,2,2,2,2,2,dream_agent,-4.92265,1301
182.83958385592226,197.4787517144989,213.75906855635603,228.78245661736608,232.39906623201102,2,2,2,2,2,dream_agent,-4.821037,1302
182.71784221367622,197.53255292249634,213.44499936083702,228.56322255168445,231.79143788460127,2,2,2,2,2,dream_agent,-4.8056245,1303
182.89301241281171,197.05903924964016,213.3573476415619,228.57454499768414,232.13341796704805,2,2,2,2,2,dream_agent,-5.0554347,1304
182.36780305241436,197.21297588116138,213.61988998517091,228.70161435232833,231.87141782192015,2,2,2,2,2,dream_agent,-5.209587,1305
183.6096542715048,197.97267388138636,213.66579114800183,228.4425426681906,232.1484342993621,1,1,2,2,2,dream_agent,-5.616298,1306
183.1199233458136,198.25352636636634,213.47420982887098,228.4646670438461,232.44527219586337,2,2,2,2,2,dream_agent,-5.6522365,1307
183.47384359174166,198.27938650604284,213.45953371361531,228.26165238789198,232.036176423848,2,2,2,2,2,dream_agent,-5.6578565,1308
183.70647594887762,198.27826142415435,213.86223750566884,227.89927143535712,232.07964508934396,2,2,2,2,2,dream_agent,-5.8195224,1309
183.5399138301799,198.34745941350758,213.74987529799478,227.89650648126053,231.99453061937868,2,2,2,2,2,dream_agent,-6.2615128,1310
183.34455938792698,198.0603491296839,213.51452428929886,227.89817966384064,231.78443046464466,2,2,2,2,2,dream_agent,-6.931128,1311
183.20820260697803,198.39829480094625,213.19879429857068,227.59327495732757,231.86228791506133,2,2,2,2,2,dream_agent,-7.1098127,1312
183.71627239895136,197.71720051765212,213.29871341375843,227.68394508447054,231.82880249042734,2,2,2,2,2,dream_agent,-7.247876,1313
183.27654690625886,197.9868650441435,213.73945260621431,227.43445061210767,232.1876390365533,2,2,2,2,2,dream_agent,-7.406616,1314
183.03018693143113,198.12948857349974,213.74470546086818,227.73974995543776,232.02105297612886,2,2,2,2,2,dream_agent,-7.8633184,1315
183.3572272544515,197.82807159607148,213.360875150209,227.31026721622638,231.7162678058617,2,2,2,2,2,dream_agent,-8.3503275,1316
182.80984695347775,197.98959456405512,213.20342676767822,228.06572882684083,231.74481556213445,2,2,2,1,2,dream_agent,-8.666092,1317
182.80819518514065,197.7510843619118,213.2823266874088,228.32427506008924,231.61189490909697,2,2,2,2,2,dream_agent,-8.745462,1318
182.40591680447358,197.57272518527515,213.32182129181663,228.1353415879596,231.51624932741902,2,2,2,2,2,dream_agent,-8.429864,1319
183.038268245593,197.82655283596247,213.4010207023443,228.05907691732418,231.93692702634257,1,2,2,2,2,dream_agent,-8.119501,1320
182.93911433869388,197.3999464070581,212.7497727310931,227.9800611121024,231.50294104277788,2,2,2,2,2,dream_agent,-7.8803883,1321
183.35793423521253,197.54054723746245,213.64452769732313,227.98462762764245,231.0672908046953,2,2,2,2,2,dream_agent,-7.7163677,1322
182.98635087556235,197.27236138697955,212.98450832734412,227.7608356152674,232.16620791467042,2,2,2,2,1,dream_agent,-7.4862604,1323
183.08474167985503,198.01187131319915,213.0368115508979,227.56218007387676,231.99849033364265,2,1,2,2,2,dream_agent,-7.1014977,1324
183.08675617010994,198.4697815524822,212.85703217624587,227.52619284905938,232.15323948151052,2,2,2,2,2,dream_agent,-6.4266295,1325
182.843584809662,198.44090953312795,212.84770558854981,228.1121013578058,232.3351347304742,2,2,2,1,2,dream_agent,-6.2499175,1326
183.03422525028813,198.27919282029276,212.67233740734585,228.68507068724946,231.9272242995347,2,2,2,2,2,dream_agent,-5.885582,1327
182.69652185917715,198.94110736133956,213.17286249645565,228.4856802360526,232.2351603875984,2,2,2,2,2,dream_agent,-5.84305,1328
183.01863693682424,198.49472891659536,213.05179682964283,228.34289766627418,232.10513924423725,1,2,2,2,2,dream_agent,-5.7915816,1329
183.59334133678598,198.12720296977236,213.1385077835718,228.48269915297502,231.99630361231166,2,2,2,2,2,dream_agent,-5.5165443,1330
183.69823954166606,198.64959107788889,213.31774104635656,227.683153591803,232.33580151792262,2,2,2,2,2,dream_agent,-5.3623886,1331
182.88099162493216,198.54151985757832,213.10393938072792,227.97471472315712,232.4473151420848,2,2,2,2,2,dream_agent,-5.2987065,1332
183.07508062167082,198.09764228630775,213.39526037493607,227.76665382953075,231.93237304461033,2,2,2,2,2,dream_agent,-5.1503882,1333
182.69941708818973,198.01759218634913,213.57382153054274,227.7597247260478,231.76291063490805,2,2,2,2,2,dream_agent,-5.0779314,1334
182.62870384528534,198.1407548787711,213.36362212686697,227.48597051153362,231.72898391427142,2,2,2,2,2,dream_agent,-5.1205454,1335
182.52851759428177,197.9976415193616,213.3742219238778,228.16775076304245,231.88655762059975,2,2,2,1,2,dream_agent,-5.5698442,1336
182.56825063790453,197.95593661698476,213.36710613871662,228.37603611934625,232.27007806637715,2,2,2,2,2,dream_agent,-5.862852,1337
182.69859965227343,197.81514391346175,213.61341976778982,228.50005914769912,231.6883942589298,2,2,2,2,2,dream_agent,-6.038489,1338
182.58585115608926,197.88545246783846,213.4239839566205,228.36323741608842,232.19308315161808,2,2,2,2,2,dream_agent,-6.1019845,1339
182.48017996869916,197.51295648819573,213.27578819546451,228.33714361220476,231.70029025872947,1,2,2,2,2,dream_agent,-6.2761083,1340
183.1593990912519,197.58692935517502,213.67385256558214,228.03487501225348,231.80533410844046,2,2,2,2,2,dream_agent,-6.173578,1341
183.02695330504147,197.87065387431466,213.0954090608193,228.01219796281214,231.81803753143947,2,2,2,2,2,dream_agent,-6.1533303,1342
182.90745165868287,197.3914104326711,213.21327805943412,227.7589342106015,231.60515395008673,2,2,2,2,2,dream_agent,-6.1582336,1343
182.63746804145495,197.67369606127096,213.29391037673093,227.44931010664357,231.76796129386867,2,2,2,2,2,dream_agent,-5.9634624,1344
182.829104813769,197.36343783701415,212.97465062847505,227.48179932712335,231.74673746784953,2,2,2,2,2,dream_agent,-6.0195527,1345
182.3536918388111,197.59919425047408,212.93184075754513,226.96801518286603,231.77555995381957,2,2,2,2,2,dream_agent,-6.2339015,1346
182.30792554590653,197.2871595249744,212.7968823300373,228.09635711107595,231.49524801869777,2,2,2,1,2,dream_agent,-6.5467515,1347
182.2321984057905,197.18884557725488,212.461832230318,228.21962351311686,231.31297834429552,2,2,2,2,2,dream_agent,-6.534135,1348
182.86932790984673,197.42826028270693,212.9631705818373,228.20826717100746,231.49866743020533,1,2,2,2,2,dream_agent,-6.43882,1349
182.9757606575579,197.1668492592717,212.6813042182761,228.31733019812052,231.44464299162553,2,2,2,2,2,dream_agent,-6.386563,1350
183.46393036490363,197.22071636549492,212.30818629451971,227.8419488841102,231.85169962558277,2,2,2,2,2,dream_agent,-6.2733173,1351
183.23528285274858,197.1218446272871,212.62944408836037,228.1135790954169,230.99369698363918,2,2,2,2,2,dream_agent,-6.2881904,1352
183.10587907756593,197.4317354677528,212.38124505206568,228.0293091331553,231.85601112693496,2,2,2,2,1,dream_agent,-6.3841715,1353
183.10894950092415,197.11883542057043,212.5673359857252,227.90912707899005,232.0358986621934,2,2,2,2,2,dream_agent,-6.2064543,1354
182.83084095936573,198.1171024880695,211.7682381027687,227.713999454562,232.26135850650383,2,1,2,2,2,dream_agent,-5.9284916,1355
182.8217266580792,198.56887726231642,212.57021427018537,228.2309079112074,232.94745419694672,2,2,2,2,2,dream_agent,-5.5253797,1356
182.53924211967976,199.06423278062152,212.35178055091086,227.69303262207066,232.34040833692288,2,2,2,2,2,dream_agent,-5.080177,1357
183.01389697455673,198.2734672353906,212.4598248731198,227.92400609992885,232.47215683541307,1,2,2,2,2,dream_agent,-4.848437,1358
183.91294039574836,198.7697107723147,212.60098438335692,227.83501464489302,232.37336468991046,2,2,2,2,2,dream_agent,-4.579,1359
183.2765296521156,198.66955614686782,212.21819078124403,227.4825655110033,232.17013178094223,2,2,2,2,2,dream_agent,-4.8908825,1360
183.55857160840526,198.64046282622343,212.6183614447993,227.91658303166366,232.028667841926,2,2,2,2,2,dream_agent,-5.4417543,1361
183.33015793251414,198.1390629493747,212.3589841390207,227.3547004454187,231.94413353007042,2,2,2,2,2,dream_agent,-5.8731422,1362
183.5010592222684,198.31148191495222,212.41694492496353,227.49875126130547,232.06571686177887,2,2,2,2,2,dream_agent,-6.247796,1363
183.49008292710923,198.23543452591974,212.40164818797155,227.24502916936927,231.74097578410283,2,2,2,2,2,dream_agent,-6.617983,1364
183.05309516952894,198.33949961129971,212.4382582797147,227.3496890656364,231.94292563072014,2,2,2,2,2,dream_agent,-6.917861,1365
182.74682343502707,198.40361931723385,212.39600884669704,228.23599525662203,231.25931381316747,2,2,2,1,2,dream_agent,-7.081006,1366
182.97188866740174,198.25007302844588,212.25035723875655,228.32410748998473,231.67921240704896,2,2,2,2,2,dream_agent,-6.7603316,1367
182.487432868027,198.42691610392043,212.0683671603196,228.69900648409936,231.4704120247325,2,2,2,2,2,dream_agent,-6.4041286,1368
182.78402906269136,198.10777491855532,212.58238822353178,228.50281817065215,231.2903298420307,2,2,2,2,2,dream_agent,-6.4536595,1369
182.6469964357074,198.30822534338984,212.41392218563573,228.2156537916629,232.31796828557594,2,2,2,2,1,dream_agent,-6.5173063,1370
182.86079953008635,198.27488513537526,212.2240203203804,227.84920682021396,232.31052860359566,2,2,2,2,2,dream_agent,-6.498983,1371
182.63156301486876,198.22524223641437,212.6653539271626,227.88202642192226,232.19572418302047,2,2,2,2,2,dream_agent,-6.6120276,1372
182.74554960207297,198.222834440059,212.1984158267943,228.06039846717866,232.11867717977157,2,2,2,2,2,dream_agent,-6.5309935,1373
182.61285781968107,198.246661672297,212.66557221187804,227.76869328815454,232.34488290929036,2,2,2,2,2,dream_agent,-6.4013014,1374
182.69394816119348,198.16607231865936,212.30175586682296,227.64917463021675,232.22809516855546,2,2,2,2,2,dream_agent,-6.676245,1375
182.53297159245312,198.02071217592365,212.3305660446864,227.63702485179058,232.23866686182197,2,2,2,2,2,dream_agent,-6.94833,1376
182.38546066379752,198.21208795187601,212.30665597359481,227.6039089974516,232.08807309532057,2,2,2,2,2,dream_agent,-7.2640505,1377
182.4789874281102,198.39444410646502,211.867128426077,227.2366740912283,232.02414278712953,2,2,2,2,2,dream_agent,-7.576412,1378
183.42722468011453,197.79180449675147,212.19982561167754,227.18313210466607,232.48247102238201,1,2,2,2,2,dream_agent,-8.118166,1379
183.2853280105749,198.03395787182075,212.4045594254522,227.02054702768095,232.0739582533099,2,2,2,2,2,dream_agent,-8.091553,1380
183.51086437935464,197.9603283943504,212.45989067866026,227.84897460547376,232.204969311486,2,2,2,1,2,dream_agent,-8.088591,1381
183.62632940735378,197.79400955411495,212.14624488987482,227.60350273569642,232.0919820250517,2,2,2,2,2,dream_agent,-7.7698126,1382
183.2546227184185,197.65173899259327,212.05329228090153,227.77742699610468,231.83036873823917,2,2,2,2,2,dream_agent,-7.583353,1383
183.58341230754144,197.94401944205427,213.15219209920912,228.00842710002917,232.21219989433305,2,2,1,2,2,dream_agent,-7.5900087,1384
183.148273128369,198.1059965140112,213.33971952543428,228.00390899241177,232.24790393999115,2,2,2,2,2,dream_agent,-7.0787153,1385
183.14596453526232,198.12024129194452,213.4155716649918,227.81864271061917,232.13407734685887,2,2,2,2,2,dream_agent,-6.5550957,1386
183.35733167326035,198.21036665188137,213.92459005205848,227.69334741352702,232.10246621567717,2,2,2,2,2,dream_agent,-6.3564286,1387
183.20491297008877,198.05077307410787,213.67462950042946,227.31597451230687,232.03024411447822,2,2,2,2,2,dream_agent,-6.5063133,1388
183.5999368439196,198.12068310450488,213.909435950818,227.26295682954478,232.32559400329248,2,2,2,2,2,dream_agent,-6.6673193,1389
182.9571721333216,197.9833965641819,213.6166134693966,228.30791435714707,232.03519416967106,2,2,2,1,2,dream_agent,-6.9209995,1390
183.46817590623237,198.2189990211229,213.54968128341645,228.37164409008884,231.8517069292417,2,2,2,2,2,dream_agent,-7.0878506,1391
183.4035675875795,197.91838692003475,213.44650249896037,228.2909329923953,232.39355135213563,2,2,2,2,2,dream_agent,-6.9324822,1392
183.07626819233832,197.92692748802432,213.15246527923713,228.5419228300732,231.7583536649972,2,2,2,2,2,dream_agent,-6.6769423,1393
183.31182733672816,197.96935527989976,213.8875971413466,227.89094707593995,231.8779572455398,2,2,2,2,2,dream_agent,-6.454465,1394
183.09660306118062,197.97961920870955,213.59653742863733,227.92004680651203,232.22609726883064,2,2,2,2,2,dream_agent,-6.352326,1395
182.94848133332383,197.78118782595288,213.37604792863283,227.5225459353782,231.86193348071092,2,2,2,2,2,dream_agent,-6.498609,1396
183.0280712057462,198.29350798881717,213.5069129670435,227.74510395770974,231.7265263798372,2,2,2,2,2,dream_agent,-6.8158894,1397
183.00872988309484,197.596137776026,213.62314383586752,227.71865678778988,232.18469738901402,2,2,2,2,2,dream_agent,-6.831258,1398
182.69235750757255,198.2028439073422,213.49292900337605,227.4881371143761,231.71028350106943,2,2,2,2,2,dream_agent,-6.849994,1399
182.6915848010792,197.969094331301,213.74623977468764,227.1585769942885,231.58299336597935,2,2,2,2,2,dream_agent,-6.704338,1400
182.53951686105268,197.8511760405677,213.3697699390026,227.96318730249124,232.08125773041053,2,2,2,1,2,dream_agent,-6.9402666,1401
182.89504380962288,197.9012995526146,212.91281896213454,228.2336111313211,231.5061676919307,2,2,2,2,2,dream_agent,-6.9441504,1402
182.83783243819855,197.57994673745736,213.132918586008,228.41002105803568,231.79689171510077,2,2,2,2,2,dream_agent,-7.0111065,1403
182.09582942667566,198.07342205376892,213.38229601572377,228.50529549509636,231.3890357822471,2,2,2,2,2,dream_agent,-7.3021135,1404
182.3108743512606,197.64658053537283,213.0595255301327,228.52327521585514,231.08608622639548,2,2,2,2,2,dream_agent,-7.1852093,1405
183.22438871390585,197.73199166280997,213.19115446819103,228.28857346876867,231.11815552644407,1,2,2,2,2,dream_agent,-7.1121836,1406
183.04981169935976,197.68211518905824,213.04392530551874,228.1517849100306,231.26563791965364,2,2,2,2,2,dream_agent,-6.888352,1407
182.75785189122968,197.27093203678788,213.25084723718703,228.26500515628487,231.77983694815316,2,2,2,2,1,dream_agent,-6.4522343,1408
183.61549556748471,197.52564408028056,213.5747237902291,227.77583154661076,232.31517122906894,2,2,2,2,2,dream_agent,-6.121627,1409
183.14998775523551,196.82843191633896,213.08519462773316,228.03779526000224,231.75203336418474,2,2,2,2,2,dream_agent,-5.9332604,1410
183.5649206718992,198.29386480254445,213.6735987098418,227.7401690585213,231.8627178110986,2,1,2,2,2,dream_agent,-6.067755,1411
182.931801521842,198.58905560141,213.36237322366733,227.94754200935412,231.6810426500874,2,2,2,2,2,dream_agent,-5.8707123,1412
182.94168751835934,198.4420951043486,212.9329891512374,227.56479389903055,231.7980818771542,2,2,2,2,2,dream_agent,-5.6763625,1413
183.13029937317881,198.5878954767138,213.3436681189379,227.30198480843853,231.59528403305353,2,2,2,2,2,dream_agent,-5.6191444,1414
182.75929017015923,198.58485923222494,213.3797053987988,227.728218897379,231.33802693045655,2,2,2,2,2,dream_agent,-5.566961,1415
182.83547024715364,198.600661933914,213.8423371924117,227.08200181639785,232.02144355212602,2,2,2,2,2,dream_agent,-5.8123364,1416
182.68175056657705,198.2616771628123,213.2627740854981,227.8708686175729,231.6638297362861,2,2,2,1,2,dream_agent,-6.3360033,1417
182.52002034991835,198.44869335840522,213.20762525483312,228.217083261531,231.45511451874472,2,2,2,2,2,dream_agent,-6.719934,1418
182.52365803102327,198.29686216010415,212.8619593379693,228.1194703627407,231.4674352138407,2,2,2,2,2,dream_agent,-6.7833657,1419
183.09838219929478,198.18920353193587,213.2824297821795,228.07871509437402,230.9957619405122,1,2,2,2,2,dream_agent,-6.835454,1420
183.76309586870875,198.39432956967735,213.3340475503466,227.5467398167206,231.70221228182214,2,2,2,2,2,dream_agent,-6.6941853,1421
183.2688292837018,197.91959148009946,213.39936711567537,227.95666906409141,231.2893101809308,2,2,2,2,2,dream_agent,-6.7626224,1422
183.43690230397152,197.92943276476643,213.30969770187184,227.55131370864748,231.22180546914228,2,2,2,2,2,dream_agent,-6.8283978,1423
182.92807335534224,197.81394919113487,213.4801035835482,227.63270089724045,231.89972801111904,2,2,2,2,1,dream_agent,-7.161377,1424
183.6215474083419,197.97210687336582,213.57932920883962,227.18309592655888,231.99005873665362,2,2,2,2,2,dream_agent,-7.3867807,1425
183.3233700813404,197.66709345372308,213.53001922986908,227.23919103689997,232.07136140693194,2,2,2,2,2,dream_agent,-7.8115873,1426
183.120232373727,197.89139804676628,213.07553356370465,228.11941233747368,231.97811977946947,2,2,2,1,2,dream_agent,-8.022424,1427
182.83311666971704,197.10320123955776,213.55777018545166,227.94766222955965,232.40678583226105,2,2,2,2,2,dream_agent,-7.9662333,1428
183.06379095969393,197.258876222625,213.2381024769358,228.0700769514776,232.12104238665484,2,2,2,2,2,dream_agent,-7.5600557,1429
182.9843540469136,197.64310146888286,213.308109685706,228.13828137707216,232.5480235116046,2,2,2,2,2,dream_agent,-7.3054476,1430
182.8373803935545,197.9172264827717,212.87784292952927,227.7070417677578,231.72473718299187,2,1,2,2,2,dream_agent,-7.4236193,1431
182.81493199801957,198.60059099221655,212.63045810208448,227.75320536275183,232.25019119232098,2,2,2,2,2,dream_agent,-6.971072,1432
182.31688619147937,198.54774767203656,213.45104308519026,227.65090264433243,232.01227105802585,2,2,2,2,2,dream_agent,-6.585861,1433
183.23996874990678,198.83047465386753,212.8324173009534,227.0213727234858,231.75505393058742,1,2,2,2,2,dream_agent,-6.1613216,1434
182.9205128942444,198.60876509087856,213.32263641079217,227.87444832644186,232.19926016971232,2,2,2,1,2,dream_agent,-5.7190623,1435
183.18109659357003,198.3396457026005,212.91466534699398,228.30069651705927,231.6425412841147,2,2,2,2,2,dream_agent,-5.341579,1436
182.39738065518162,198.29034417618223,212.6215585287479,228.33028929144112,231.60952652201163,2,2,2,2,2,dream_agent,-4.8938093,1437
182.47054819078878,198.64135988868648,212.65177891042387,227.7750815753473,232.0135906670978,2,2,2,2,2,dream_agent,-4.705817,1438
182.488555413432,198.60024777389228,213.1051948218435,227.78936304871328,231.87125133089395,2,2,2,2,2,dream_agent,-4.7569823,1439
182.71053235887757,198.20661257875125,213.11365529223372,227.9076990226811,232.1202782713617,1,2,2,2,2,dream_agent,-5.1047435,1440
183.11357371573968,198.271043316296,213.02406404203268,227.81703807432368,232.2294262712739,2,2,2,2,2,dream_agent,-5.2383146,1441
182.9556971213231,198.124337784537,212.7717392773304,227.63196242747895,232.51253510280904,2,2,2,2,2,dream_agent,-5.5866537,1442
183.11618520170083,198.00243302892332,212.70775392879185,227.6970817155967,232.36253650751758,2,2,2,2,2,dream_agent,-5.744848,1443
182.87856387371826,197.89002076040967,212.4136349890678,227.5738964091999,231.9050504345651,2,2,2,2,2,dream_agent,-5.8339553,1444
182.8122543418354,197.53505214214178,212.69106112886283,227.14168578856248,232.216288383447,2,2,2,2,2,dream_agent,-5.9180036,1445
182.83742559808954,198.4805676875772,212.97389493220615,227.0411272266101,232.2458690858037,2,2,2,2,2,dream_agent,-5.945877,1446
182.81720510067265,198.41472447412522,213.32683449515872,227.89236025432268,232.1306320641151,1,2,2,1,2,dream_agent,-6.0283995,1447
183.42798011205446,198.33486115096073,212.85471521107024,228.21460801012412,231.70499101917434,2,2,2,2,2,dream_agent,-5.839167,1448
183.48816365541094,198.78212650547457,212.55111204129554,228.35245292095084,231.71057727589985,2,2,2,2,2,dream_agent,-5.6944923,1449
183.86736618353999,198.0785397273281,213.1053887448278,228.35882499856527,231.76473765372916,2,2,2,2,2,dream_agent,-5.6730213,1450
183.1396300870188,198.34612563331618,212.5974523058671,228.2393080805432,231.34632605689782,2,2,2,2,2,dream_agent,-6.017912,1451
182.77441639864313,198.14160734872272,212.791512239228,227.76480095599572,231.5133324965058,2,2,2,2,2,dream_agent,-6.3270464,1452
183.08275979809028,198.25776698884528,212.90872682350115,227.8625941004625,231.45414931930682,2,2,2,2,2,dream_agent,-6.6608324,1453
183.27761857579566,198.69596042694573,212.69653619112455,227.48047363849315,232.1474844502337,2,2,2,2,1,dream_agent,-7.1868114,1454
183.1034756697836,198.22255358262476,213.12855519228933,227.67638476808813,232.3463466903453,2,2,2,2,2,dream_agent,-7.249666,1455
182.56665169927967,198.2152065771504,212.77768371115047,227.37324778592804,232.64755301827776,2,2,2,2,2,dream_agent,-7.322566,1456
182.42060658452047,198.08832873927736,212.4788004750533,227.8864926074204,232.3228320521742,2,2,2,1,2,dream_agent,-7.2539616,1457
182.50751329673506,198.15700921322505,213.3200882142279,227.9733673310213,232.3919090584416,2,2,2,2,2,dream_agent,-6.632869,1458
182.57584315939238,198.65224815353562,212.4928082433987,228.09211588886834,232.12519817910555,2,2,2,2,2,dream_agent,-6.3249855,1459
183.09190960999717,198.28566641600906,212.90168938250184,228.02378686750282,232.4987626774347,1,2,2,2,2,dream_agent,-6.196252,1460
183.55655338713123,198.83640612491362,212.75967984462653,228.0306044347588,232.53345042313214,2,2,2,2,2,dream_agent,-5.814931,1461
183.67473849441757,198.28101105584724,212.61457163874303,227.93549272086582,232.27361678612604,2,2,2,2,2,dream_agent,-5.719095,1462
183.37571095637077,198.2723045791116,212.42836267594802,227.74219788648224,231.84380722621802,2,2,2,2,2,dream_agent,-5.8479004,1463
183.5698238163582,197.7949304109871,212.93856047017985,227.39869974334434,232.54366817486434,2,2,2,2,2,dream_agent,-5.9297876,1464
183.23204951434278,198.13519719670876,213.14907255070335,227.59488679305431,232.27960900401166,2,2,2,2,2,dream_agent,-5.9685993,1465
182.87567743495794,197.8388510626878,212.70876081010317,227.26803233176975,232.39196911329594,2,2,2,2,2,dream_agent,-6.0654125,1466
183.0831845924321,198.1311480348707,212.73681565255725,228.06578067562577,231.9453701160414,2,2,2,1,2,dream_agent,-6.4701,1467
183.02962030831054,197.68220607692973,212.94577851633463,228.4173131948591,232.5349109942002,2,2,2,2,2,dream_agent,-6.448055,1468
182.4639960711592,198.07026940628486,212.56395159031342,228.23284694389216,232.29381828253796,2,2,2,2,2,dream_agent,-6.2135406,1469
181.97207147928134,197.84069281431456,212.8732783077521,228.1914155444317,232.49154288256358,2,2,2,2,2,dream_agent,-5.7818336,1470
182.06635279455907,197.77739016262447,212.3840370574672,228.31008333354396,232.29120623480566,2,2,2,2,2,dream_agent,-5.5543885,1471
183.16615806277412,197.87863993906262,212.3630967295526,228.25243541083935,232.38854883565193,1,2,2,2,2,dream_agent,-5.6531463,1472
182.9254542521546,197.83148436932677,212.6933006355328,227.88282983349345,231.91187162240246,2,2,2,2,2,dream_agent,-5.7500167,1473
182.9909957735325,197.7743859016719,212.27366792311255,227.46432535328464,232.06272307202076,2,2,2,2,2,dream_agent,-6.0054507,1474
183.05412786837203,197.82908158702216,212.9255641450466,227.5082002603206,232.37253708517696,2,2,2,2,2,dream_agent,-6.1323113,1475
182.68779052894115,197.84065669188152,212.69897230197762,227.66883684039294,232.31117858884448,2,2,2,2,2,dream_agent,-6.0804687,1476
182.75886239330947,197.61719494589326,212.86067041598352,227.65916338596602,232.03725222664974,2,2,2,2,2,dream_agent,-6.2071595,1477
182.5147849184953,197.7598426820097,212.6386377058104,227.1020634416353,231.79269656199727,2,2,2,2,2,dream_agent,-6.1630945,1478
182.1813380206441,198.1539131194847,212.59904802339156,227.43996800695885,231.59229577629978,2,2,2,2,2,dream_agent,-6.098191,1479
182.925175038231,197.61065707360555,212.7563270931183,228.01783429170672,232.19402771951553,1,2,2,1,2,dream_agent,-5.912348,1480
183.4857897677658,197.66037409235608,212.91817543618507,228.16748289825208,231.7369881581703,2,2,2,2,2,dream_agent,-5.6766744,1481
183.19046731716227,198.02926142210885,212.57393705711058,228.21507845811888,231.69934739828383,2,2,2,2,2,dream_agent,-5.4724236,1482
183.2794829530768,198.09101814432526,212.9025747297299,228.22255136974297,231.99688147534906,2,2,2,2,2,dream_agent,-5.518133,1483
183.1047032945501,197.78009827064622,212.8253886104387,227.94561669411482,232.14471738419672,2,2,2,2,2,dream_agent,-5.806972,1484
182.90659996064997,197.4903901215337,212.87465215659654,227.67032307464564,231.8772075955267,2,2,2,2,2,dream_agent,-5.9548874,1485
182.6891328117007,197.38682542283283,213.23595795028115,227.6976894894298,231.78003380003457,2,2,2,2,2,dream_agent,-6.028926,1486
182.7656046472857,197.93211953000875,212.75237594144048,227.62201841545473,231.62047896122007,2,2,2,2,2,dream_agent,-6.068779,1487
182.93048865042675,197.83047238495178,212.89190402896088,227.35576985571407,232.00745989291187,2,2,2,2,2,dream_agent,-6.1829658,1488
182.71383161589688,197.8247014063933,212.87818287785726,227.14066884854208,231.97034814648921,2,2,2,2,2,dream_agent,-6.3013163,1489
182.41026114209726,197.41226582024382,212.99908650664864,228.27197491503512,231.95722320605114,2,2,2,1,2,dream_agent,-6.492131,1490
182.04080231204074,197.46908028388964,212.97522741738874,228.62309282231413,232.34823513525907,2,2,2,2,2,dream_agent,-6.4203057,1491
182.3919139631276,197.4176004833885,212.78064809058876,228.28482820415076,231.66641026315907,2,2,2,2,2,dream_agent,-6.4238377,1492
182.3031045611649,197.3120947761848,212.5820493300294,228.33825810733072,231.71734921890476,2,2,2,2,2,dream_agent,-6.334994,1493
182.65387355295252,197.29932263599838,212.79353777450777,228.39319070773675,231.9329327860409,1,2,2,2,2,dream_agent,-6.5952625,1494
182.74507991212462,197.31693881356503,213.0335630690034,228.0015416799785,231.80359843345556,2,2,2,2,2,dream_agent,-6.366224,1495
182.97292921601434,197.22869110627053,212.8016971423428,228.02592363561212,231.55874423613133,2,2,2,2,2,dream_agent,-6.475012,1496
182.6474741855788,197.24849830242812,212.66906617026848,227.921661955904,231.57840140312783,2,2,2,2,2,dream_agent,-6.406897,1497
182.93905763687013,197.78237774730678,212.5250350458195,227.716461281712,231.59308562391286,2,1,2,2,2,dream_agent,-6.368258,1498
182.64225448042686,198.28801006559658,212.08938519159568,227.88929597822877,231.2412980325094,2,2,2,2,2,dream_agent,-5.787639,1499
183.34205402634444,198.69273874821664,212.73465307322454,227.63815786054488,231.50848916395995,1,2,2,2,2,dream_agent,-5.4673347,1500
183.5569555991184,198.61128039271466,212.43295699113492,227.4959666479754,231.50320732830588,2,2,2,2,2,dream_agent,-5.076174,1501
183.58451541087473,198.66532818731392,212.33048658819484,227.57473496035612,231.54080222263164,2,2,2,2,2,dream_agent,-4.881622,1502
183.40571362138067,198.60554885051877,212.36524587400007,227.19791055627852,231.8137134472399,2,2,2,2,2,dream_agent,-4.8976855,1503
183.23488108700417,198.20646788164953,212.2885401048227,227.59184644749243,231.649778852372,2,2,2,1,2,dream_agent,-5.214084,1504
182.83548371253377,198.0268231892053,212.51449445970675,228.34200248276113,231.8631747257735,2,2,2,2,2,dream_agent,-5.305069,1505
183.15955068025906,198.47978080895413,212.41009050282716,228.06294180874687,231.71460617115454,2,2,2,2,2,dream_agent,-5.4232683,1506
182.53148549726168,198.1287292133041,212.39670019788673,228.08543452147023,231.78431888767264,2,2,2,2,2,dream_agent,-5.4636884,1507
183.09000607196742,198.23785341734398,212.57153980988863,228.0241552634018,231.83869924847238,2,2,2,2,2,dream_agent,-5.640987,1508
182.88108488813535,198.27488963980505,211.97253958543706,227.57008902344143,231.59689174345215,2,2,2,2,2,dream_agent,-5.8238745,1509
182.90560790806296,197.7803702836902,211.8657755806484,227.39694689610744,231.72749921182813,2,2,2,2,2,dream_agent,-6.2414923,1510
182.82817276815973,198.05418062477395,213.16723545117497,227.31439034624634,231.59046953509272,2,2,1,2,2,dream_agent,-6.542778,1511
182.18839884607013,198.15879262320792,213.48682249090308,227.2747392123703,231.4756980238572,2,2,2,2,2,dream_agent,-6.4249387,1512
182.55117596402835,197.6438016069203,213.4860389245154,228.05977181871037,231.47851038197155,1,2,2,1,2,dream_agent,-6.466343,1513
183.4488662182722,197.99655377529479,213.70611471349463,227.82073629801093,231.57961294392206,2,2,2,2,2,dream_agent,-6.212351,1514
183.52718904636438,198.2494718535672,213.21005848478413,227.9593101161071,231.43411170381972,2,2,2,2,2,dream_agent,-6.1313553,1515
183.21211745448838,197.85356347782934,213.24344099281367,228.26561252799505,231.79497222644966,2,2,2,2,1,dream_agent,-6.3626137,1516
183.2170909252181,197.93533376719589,213.55348565279772,227.7284300262751,232.83393388816225,2,2,2,2,2,dream_agent,-6.5467496,1517
183.35185484195347,197.94819916713155,213.36424657405632,227.62578800773082,232.10272558050102,2,2,2,2,2,dream_agent,-6.70216,1518
183.16774533893448,197.6785464228748,213.0373221883037,227.4544083865244,232.17341409159746,2,2,2,2,2,dream_agent,-6.870999,1519
183.26031454176544,197.87584202267033,213.07624887377207,227.66871987977254,232.23042094864834,2,2,2,2,2,dream_agent,-7.1762705,1520
183.1627666283034,198.00678632985716,212.82922059825887,227.4099954122261,232.2023049884231,2,2,2,2,2,dream_agent,-7.216687,1521
183.1490791113492,197.5286112914578,213.32047735797903,226.92853870446538,231.9684042328483,2,2,2,2,2,dream_agent,-7.4151993,1522
182.71008757373673,197.76664164307724,213.20835214357894,228.3139157532016,232.2949456404902,2,2,2,1,2,dream_agent,-7.4860363,1523
182.57087115843532,197.75578506643427,213.24611378424584,228.20322681922522,231.94516166820898,2,2,2,2,2,dream_agent,-7.151737,1524
182.6851155511157,197.83638767159482,213.02593469952657,227.89437702089793,232.081498689178,2,2,2,2,2,dream_agent,-6.9116626,1525
182.70111645265985,197.49354691943836,212.79642830324434,227.8867775637511,231.99251083300953,2,2,2,2,2,dream_agent,-6.8641806,1526
182.54458549418598,197.41617329549123,213.1686445854526,227.8253825550365,232.28919309888101,2,2,2,2,2,dream_agent,-6.777344,1527
182.56356219343516,197.9069336684516,212.93760967474807,227.59565042665346,232.11020996012013,2,2,2,2,2,dream_agent,-7.0797825,1528
183.01298065801214,197.5106778637496,213.08602953715797,228.24289822755395,231.96857956109605,1,2,2,2,2,dream_agent,-7.2940693,1529
183.37005577317754,197.62691215054937,212.5517262851596,227.7289185103501,231.63337916501163,2,2,2,2,2,dream_agent,-7.0420628,1530
183.48832251915985,197.6535314351769,212.7177198291213,227.20003225887484,232.13570611307702,2,2,2,2,2,dream_agent,-6.752668,1531
183.65674005167466,197.8376775695907,212.94056999019836,227.0797746117624,231.66196039843584,2,2,2,2,2,dream_agent,-6.701097,1532
183.29947181309794,197.24584357646864,213.10580432758104,228.00840404439546,231.42648749948856,2,2,2,1,2,dream_agent,-6.7680063,1533
183.76783927143606,197.52655977974595,212.9750364423508,228.51228750752566,231.89013633082615,2,2,2,2,2,dream_agent,-6.8224535,1534
183.17185998301355,197.79323221676893,212.8809005001852,228.27659818076944,231.52206856926023,2,2,2,2,2,dream_agent,-6.75597,1535
183.2543859132461,197.49042480639827,213.05639776627606,228.52809827645714,231.44445501677657,2,2,2,2,2,dream_agent,-6.6457586,1536
182.9645411776382,197.5128253053515,213.05096146308276,228.17126216808194,231.37168117118074,2,2,2,2,2,dream_agent,-6.462655,1537
182.8569318137314,197.44962423949963,212.58120009469053,228.51135879545672,231.7247871541794,2,2,2,2,2,dream_agent,-6.142665,1538
182.79915241615547,197.5898639029064,212.68172887809368,228.10261963311905,231.5531090245309,2,2,2,2,2,dream_agent,-6.05348,1539
182.14003302220115,197.0241898811646,212.5614215621908,228.16167649577983,231.1957916206311,2,2,2,2,2,dream_agent,-5.885789,1540
182.57220260164294,197.88335336170678,212.58074120990776,227.51641270864323,231.38841260213724,2,2,2,2,2,dream_agent,-5.6912413,1541
182.31430496321525,197.4376895388558,212.93983462678017,227.87384994056978,232.19342453641113,2,2,2,2,1,dream_agent,-5.6374707,1542
183.0572278361604,197.11145826801834,212.82634432158815,227.636140500945,232.14564395558708,1,2,2,2,2,dream_agent,-5.6811395,1543
182.90427746908657,197.1285957654583,212.44278025515152,227.68335858004508,232.48115340844225,2,2,2,2,2,dream_agent,-5.552238,1544
183.20521364442692,196.67706677575362,212.48728268948437,227.11433466791945,231.93922911593572,2,2,2,2,2,dream_agent,-5.590418,1545
183.1675107744083,197.2847303265879,212.4979831896577,227.5246103078839,232.2474165099344,2,2,2,2,2,dream_agent,-6.02391,1546
182.92734577856564,197.91271555033066,212.19100613343346,228.4032997345935,231.9199710929368,2,1,2,1,2,dream_agent,-6.4629793,1547
183.25136972555896,197.89929667571616,212.0125697210167,228.46330164711577,232.04486295500914,2,2,2,2,2,dream_agent,-6.275246,1548
182.39911002948645,198.15017439768363,212.2436620380471,228.34934056772272,231.95503194248874,2,2,2,2,2,dream_agent,-6.3166547,1549
182.63118924559765,198.1047040287053,212.12101992427117,228.21131526178584,231.8639519871661,2,2,2,2,2,dream_agent,-6.5963855,1550
182.17115813650113,197.71418470766895,211.93707167419072,228.36514721494703,231.93044907701088,2,2,2,2,2,dream_agent,-6.664369,1551
182.6580795881492,197.8976614068677,213.2545452652072,228.05147482402882,232.03741212588443,1,2,1,2,2,dream_agent,-6.731286,1552
183.32822720613936,198.04246138668265,213.27600595768214,227.8533288851481,231.9352875095587,2,2,2,2,2,dream_agent,-6.080263,1553
183.3069029969379,197.79823240939606,213.34877944677368,227.94143323442452,231.26167845105962,2,2,2,2,2,dream_agent,-5.742472,1554
183.83696342363717,197.92318254574792,213.8327745228358,226.90702488741144,231.98403594459532,2,2,2,2,2,dream_agent,-5.9146643,1555
183.11603164278304,198.29997906886263,213.92336391278099,227.43563379325707,231.51727597513656,2,2,2,2,2,dream_agent,-6.423411,1556
183.6178733146733,197.73658242855944,213.4500372603447,226.99642517166586,232.06088151804272,2,2,2,2,2,dream_agent,-6.9017186,1557
183.21189016253686,197.88810778947203,213.30746474437996,227.97176755912832,231.62749046461954,2,2,2,1,2,dream_agent,-7.3370104,1558
183.06467139454597,197.947331240363,213.62311644648025,227.96377811702493,232.27334622245175,2,2,2,2,2,dream_agent,-7.3692074,1559
183.47766434305018,197.78337544838737,213.60919133476523,228.22797407632683,231.81753121767213,2,2,2,2,2,dream_agent,-7.3105307,1560
183.0032383931601,197.9835464536266,213.43237021087805,227.9512993846325,231.64352273351042,2,2,2,2,2,dream_agent,-7.1745977,1561
182.9596416599937,198.201259709995,213.1910623903152,227.7200996907074,231.39618935929266,2,2,2,2,2,dream_agent,-6.903011,1562
182.73954312156505,197.6560129015521,213.17682016156155,227.8327730038765,231.41881479530593,2,2,2,2,2,dream_agent,-6.467641,1563
182.72654553647135,197.69995193206637,213.2679444220545,227.6031289557862,231.26559335231678,2,2,2,2,2,dream_agent,-6.1652346,1564
182.66140955044858,197.69103102016277,213.78797173994292,227.14532810973012,231.83786505965764,2,2,2,2,2,dream_agent,-5.872476,1565
182.61421340093267,198.07047634431098,213.4664268526781,227.94205610507606,231.54595583918226,2,2,2,1,2,dream_agent,-5.8077316,1566
182.04897682752903,197.7017298354252,213.52679098592424,228.73627151624527,231.76748981551953,2,2,2,2,2,dream_agent,-5.5824504,1567
183.41670945634692,197.82173155314365,213.5430415250254,227.81564393637123,231.51904418825592,1,2,2,2,2,dream_agent,-5.536976,1568
182.88541049670803,197.54740123431586,213.40484136894904,228.14429402123378,231.44436139588197,2,2,2,2,2,dream_agent,-5.5001135,1569
183.37808061986294,197.9042344905859,213.68246319943495,227.9426891759196,231.3836200029763,2,2,2,2,2,dream_agent,-5.7788415,1570
182.96150242221802,197.58041826612958,213.44838043536913,227.6102470247638,231.05982033497963,2,2,2,2,2,dream_agent,-6.1496162,1571
182.7537597587638,197.38881063179596,213.68310271858124,227.59522277467644,232.11400293492045,2,2,2,2,1,dream_agent,-6.463193,1572
183.29646720995274,197.84524067102305,213.2368673302031,228.44866675417308,232.32102843168215,2,2,2,1,2,dream_agent,-6.620028,1573
182.81203404720918,197.74057973797008,213.32959469812104,228.22616506136487,232.1741838720492,2,2,2,2,2,dream_agent,-6.6935873,1574
182.9759864400335,197.74348667936553,213.560063113213,228.75581336485558,232.05364592648792,2,2,2,2,2,dream_agent,-6.609175,1575
183.32991886893643,197.4753272088729,213.4987750325442,228.63284221333376,232.4121535150997,2,2,2,2,2,dream_agent,-6.421606,1576
183.0596791445772,197.7102591086132,213.4269943012853,228.2708818822078,231.89983313370706,2,2,2,2,2,dream_agent,-6.202287,1577
182.9375358083637,197.7446236415853,213.64846002530223,228.43226886270352,232.3623778486469,2,2,2,2,2,dream_agent,-6.326075,1578
183.33102507327973,197.88002634117444,213.73393188009481,227.895918864291,231.92900528661772,2,2,2,2,2,dream_agent,-6.469359,1579
182.99051736149465,197.4543237878186,213.67594751737352,228.09360097720707,231.98728467918392,2,2,2,2,2,dream_agent,-6.593028,1580
182.91617739752155,197.325773171735,213.5740433706667,228.09696494892128,231.48396040046333,2,2,2,2,2,dream_agent,-6.7945933,1581
182.64208398643166,197.50830521877427,213.91882194508008,228.00975944162727,231.79227903460017,2,2,2,2,2,dream_agent,-7.010499,1582
182.89230194520718,197.5279539257293,213.61594599883793,228.00081937152493,231.46815125963306,2,2,2,2,2,dream_agent,-6.9876976,1583
182.36695505213956,197.71159359096245,213.6036168922668,227.9561465241242,231.54829544135035,2,2,2,2,2,dream_agent,-7.015994,1584
182.45450200075254,197.3713267596663,213.54755717381497,227.32642962642709,231.4127917701688,2,2,2,2,2,dream_agent,-7.011735,1585
183.12506251917796,197.1148171894703,213.2489315655845,227.4059747478557,232.03231175013659,1,2,2,2,2,dream_agent,-7.417515,1586
183.13829291920925,197.3264891392192,213.2278657845179,227.10683559565825,231.77850940606453,2,2,2,2,2,dream_agent,-7.4516487,1587
183.41255751947656,198.1200559507519,213.3785185072282,227.15612927397513,231.32554208381194,2,1,2,1,2,dream_agent,-7.477393,1588
182.86062018675406,197.90865736973575,213.0765530904747,228.2180143987209,231.4204708012295,2,2,2,2,2,dream_agent,-6.7610106,1589
183.2127657618449,198.66266930640475,213.2757633840388,227.84750538103395,231.69324455921804,2,2,2,2,2,dream_agent,-6.219663,1590
182.80330132560897,198.92060324406268,213.3434389111149,227.7380984163214,231.19349649864805,2,2,2,2,2,dream_agent,-6.1911497,1591
182.631957494416,198.33136634175816,212.9887067584392,227.6561479052941,231.85132543408287,2,2,2,2,1,dream_agent,-6.170119,1592
182.7236018165309,198.4319622444132,213.28187721254244,227.47157428152067,232.07837759708997,2,2,2,2,2,dream_agent,-6.2245708,1593
182.67261329648312,198.2477954610706,213.3754606058281,227.3702638654106,232.65525863623859,2,2,2,2,2,dream_agent,-6.0356884,1594
183.45524215305258,198.12912392071817,213.32714897289685,227.62614436180064,232.45246649428776,1,2,2,2,2,dream_agent,-6.170399,1595
183.46752264456734,198.18065486345938,212.86958024943905,228.30445452132776,232.32651213299243,2,2,2,1,2,dream_agent,-6.246627,1596
183.3058689434358,198.6598001282359,213.10543216038272,228.35792861538974,232.1520874820091,2,2,2,2,2,dream_agent,-6.196096,1597
183.43511963766883,198.48199795816862,213.16242716487548,228.1344513986711,232.4501554972683,2,2,2,2,2,dream_agent,-6.123433,1598
183.28936227029718,197.92203467625066,213.0947389618024,228.5112705144443,231.97721890276674,2,2,2,2,2,dream_agent,-5.9379616,1599
182.90737956256416,198.1042296141362,213.22568205368074,228.44594174035365,232.56412064854138,2,2,2,2,2,dream_agent,-5.920349,1600
182.96378593943228,198.41953091213807,213.03747808193992,228.11878601704223,231.88673747176583,2,2,2,2,2,dream_agent,-5.7226996,1601
182.95767084695518,198.03699388520795,213.0404945635329,227.47803158645243,231.87111989041625,2,2,2,2,2,dream_agent,-5.7011485,1602
182.90909832317044,197.85241265575434,212.92174098473393,228.02192979691173,231.84845504454216,2,2,2,2,2,dream_agent,-5.6315894,1603
182.83899235833772,198.19487270990047,213.17274870912362,227.449530225934,231.96623242315766,2,2,2,2,2,dream_agent,-5.6146793,1604
182.8510304880527,197.88233414530941,213.292017245429,227.7706123005495,232.07387979017378,2,2,2,2,2,dream_agent,-5.8261423,1605
182.7933081221187,197.93847874995174,213.05532813757023,228.3420648142878,232.09817154250646,2,2,2,1,2,dream_agent,-6.0358386,1606
182.2770249706737,197.8604266191188,213.22487188087155,228.36831172602743,231.73835987443692,2,2,2,2,2,dream_agent,-5.863133,1607
182.63142333317936,197.65184747379578,213.30802033815914,228.5160596596783,232.08247612086268,2,2,2,2,2,dream_agent,-5.6337194,1608
182.96617847291193,198.0604959485504,213.45477787393753,228.69271615346673,232.27176888969407,1,2,2,2,2,dream_agent,-5.8047605,1609
183.56428080586926,197.8558982093242,213.51683479578128,228.2929731555123,231.97470783368837,2,2,2,2,2,dream_agent,-5.9363804,1610
183.01910756196625,197.51405922448558,213.485605531911,228.22120605207505,232.03198172838506,2,2,2,2,2,dream_agent,-6.3143578,1611
183.31480475437763,197.74064650126826,213.1352774693087,228.4333179291312,231.73869621992657,2,2,2,2,2,dream_agent,-6.491474,1612
182.82687616523242,197.0102762592396,213.45872809550795,228.35056456689966,232.2118976297007,2,2,2,2,2,dream_agent,-6.5453033,1613
182.4682661268578,197.44870211405134,213.43825812542056,227.86046222281766,232.06170706314788,2,2,2,2,2,dream_agent,-6.5711045,1614
183.0269917210324,197.60130119814525,213.48459107021367,227.93725316860454,231.88934904980258,2,2,2,2,2,dream_agent,-6.655165,1615
182.9426000118798,197.41375087201578,213.37156736013006,227.760704975264,231.8444512138247,2,2,2,2,2,dream_agent,-6.7119136,1616
183.05090635864468,197.78229293242228,213.730909522642,227.65872619075506,231.62479108745387,2,2,2,2,2,dream_agent,-6.8319073,1617
182.74313568569693,197.34753167211144,213.46772986011214,227.07214715151332,231.91891593589966,2,2,2,2,2,dream_agent,-6.814809,1618
182.594459247909,197.29836551913445,213.40034011350008,228.01581219749073,232.02883042806837,2,2,2,1,2,dream_agent,-6.9825478,1619
182.25604806407338,197.25456415846529,213.53675195878057,228.2667317112912,232.11550284474654,2,2,2,2,2,dream_agent,-6.8118243,1620
183.1169021275048,197.23326455397756,213.00465238928606,228.28861946557728,231.90081135253908,1,2,2,2,2,dream_agent,-6.98341,1621
183.8175453660494,197.40681029938546,213.03617397534217,227.71232931111183,231.66509927595644,2,2,2,2,2,dream_agent,-7.0437803,1622
183.50496147013362,197.73160160546715,212.86867486782853,227.94244783748954,231.91757611142367,2,2,2,2,2,dream_agent,-6.989793,1623
183.2926579254385,197.37722348147318,212.97450286967162,227.8606127252917,231.5658991993214,2,2,2,2,2,dream_agent,-7.02923,1624
183.15074863167607,197.42243563922324,213.18753783253672,227.7152099263216,231.55893614861662,2,2,2,2,2,dream_agent,-7.288145,1625
183.13095768372168,198.71262216025184,213.04128004406343,227.58403159901215,231.50560020199612,2,1,2,2,2,dream_agent,-7.37496,1626
183.36817832080382,198.89712714758622,212.9116873019575,227.68070526518673,230.89827279040733,2,2,2,2,2,dream_agent,-7.0532293,1627
183.0279569190867,199.28953143548122,213.14138162639472,227.18535502600247,231.67816497120063,2,2,2,2,1,dream_agent,-6.9151583,1628
182.90162135697872,199.00631043478865,212.7377105693478,227.9938310530563,232.245276397413,2,2,2,1,2,dream_agent,-6.5943646,1629
183.02805968104553,198.98707746566464,212.81755751327907,227.91060481862888,232.2929742707837,2,2,2,2,2,dream_agent,-6.226645,1630
182.6927975390011,198.60991883695408,212.818654687634,227.45052654996115,232.35692516120378,2,2,2,2,2,dream_agent,-5.9741516,1631
183.24982517270158,199.20414996083326,213.28503819772487,228.08604020286407,232.7116732343847,2,2,2,2,2,dream_agent,-5.6742625,1632
182.36936776006837,199.06546509679586,212.75903198474236,227.7319035953482,232.2422685230032,2,2,2,2,2,dream_agent,-5.5120745,1633
182.91727318019264,198.29187754627816,212.69094499092225,227.83277788864217,232.51661606160076,1,2,2,2,2,dream_agent,-5.4006615,1634
183.36842354060602,198.6078029224611,213.1178016371129,227.68253551219638,231.77784794298697,2,2,2,2,2,dream_agent,-5.109251,1635
183.070602893327,198.48330723822684,212.7686034953517,227.70470554935406,232.01406196923398,2,2,2,2,2,dream_agent,-5.0953283,1636
182.8713976573181,198.59034611896146,213.2076182654991,227.46791802171788,232.03158803386813,2,2,2,2,2,dream_agent,-4.991181,1637
183.04660736753544,198.52923850958263,212.9321032829123,227.95459618966763,231.7842867300945,2,2,2,1,2,dream_agent,-5.128051,1638
182.8173820989595,198.57920029967235,212.63782393150157,228.3419512028979,232.0282984374603,2,2,2,2,2,dream_agent,-5.188208,1639
182.626069076414,198.70196471980384,212.63631303801316,228.65027084621394,231.5195195169499,2,2,2,2,2,dream_agent,-5.2636414,1640
182.7481641463814,197.95361772332882,212.79861090553524,228.039398083913,231.6330395401798,2,2,2,2,2,dream_agent,-5.255548,1641
182.3850215208798,198.45018588241066,212.4933264377501,227.6688168281283,231.82102007952957,2,2,2,2,2,dream_agent,-5.367309,1642
182.46211322812573,197.9312846212532,212.41868659947937,227.77885937148238,231.95916101192773,1,2,2,2,2,dream_agent,-5.511413,1643
182.7138296904722,197.85563032375143,212.66516250423865,227.31576082294805,232.02958551453926,2,2,2,2,2,dream_agent,-5.4641137,1644
182.66227200400618,198.34380375161808,212.88205537613126,227.23220166367778,231.60965488733362,2,2,2,2,2,dream_agent,-5.6061172,1645
183.0144093982428,198.24680183200172,213.1535886146677,227.32176984468194,231.99126266846218,2,2,2,2,2,dream_agent,-5.9254446,1646
182.85381649718468,198.29978840777244,212.75895629205908,227.74318273260747,231.85580858057247,2,2,2,1,2,dream_agent,-6.313639,1647
183.0024579238651,198.1341032708157,212.83989635535374,228.17681838560551,231.51782630090491,2,2,2,2,2,dream_agent,-6.5959396,1648
182.22246558911945,197.95796167610965,212.79475627207512,228.04349856752776,231.77008450290606,2,2,2,2,2,dream_agent,-7.096938,1649
182.3627743346552,198.35848198373859,212.60455268329915,228.05063760068722,231.68219394250832,2,2,2,2,2,dream_agent,-7.3677864,1650
182.35541793358,198.33513983218617,212.7524301139839,228.34310234180302,231.44684659779418,2,2,2,2,2,dream_agent,-7.4910374,1651
182.64442850007782,197.60343424398468,212.98183894336583,227.9372132393993,231.03405441487672,1,2,2,2,2,dream_agent,-7.227335,1652
183.58232019260006,197.98162996480048,212.74245014118614,227.93223395656054,232.5452086309966,2,2,2,2,1,dream_agent,-6.763133,1653
183.04905407452355,198.07840845535716,212.60295981657,227.6658469685605,232.2254658981086,2,2,2,2,2,dream_agent,-6.287259,1654
182.93437484597993,198.09472603055337,212.65368557629932,227.8750915433174,232.03801575536372,2,2,2,2,2,dream_agent,-6.1355753,1655
182.94664008542605,197.8571448251417,212.39247201099948,227.6198668483469,232.11148579481423,2,2,2,2,2,dream_agent,-5.981589,1656
182.408807416687,198.134731377429,212.7691594201732,227.2532662321208,232.0979374236557,2,2,2,2,2,dream_agent,-5.848236,1657
182.77952495886237,198.13026696446778,212.26207147501333,227.65248652275767,232.05201705120012,2,2,2,2,2,dream_agent,-5.613991,1658
182.31660228785267,198.2331918161274,212.9393202322067,227.47636550809884,231.45302645980294,2,2,2,2,2,dream_agent,-5.390206,1659
183.0800372414864,198.03567835251295,213.01035079191098,228.33703088003384,231.67320687922023,1,2,2,1,2,dream_agent,-5.4033246,1660
182.86198665170548,198.14439813282524,212.68809570815537,228.60192435500295,231.8067441092567,2,2,2,2,2,dream_agent,-5.215885,1661
183.3725481452817,198.36336395713747,212.2297522388971,228.54566663362053,231.71619930297692,2,2,2,2,2,dream_agent,-5.149833,1662
182.99537152903133,198.35113050999533,212.35031186528528,228.45388163773438,231.48602851538024,2,2,2,2,2,dream_agent,-5.3530755,1663
182.92022501904404,198.2197217041989,212.6446341143009,227.89760936434794,231.54876941112437,2,2,2,2,2,dream_agent,-5.3773355,1664
182.9641135942043,198.05444921720252,212.75611427855523,227.81083027477314,231.7360034747187,2,2,2,2,2,dream_agent,-5.2048044,1665
182.43165020567204,198.08121324558056,212.69493378685289,228.17254477104882,231.43150981889093,2,2,2,2,2,dream_agent,-5.3471766,1666
182.12584576033998,198.20142794400263,212.49713995609034,227.82393656021287,231.5792838788729,2,2,2,2,2,dream_agent,-5.4327817,1667
183.27947624328337,197.6534239594372,212.81664669936683,227.7986588495172,232.58634447310428,1,2,2,2,2,dream_agent,-5.6642838,1668
183.08776892328697,197.82183566692285,212.2409402593374,227.5030821511104,231.5545423354116,2,2,2,2,2,dream_agent,-5.8592215,1669
183.6516332322997,197.6013162692129,212.8185509894559,227.65675189742478,231.9134390143469,2,2,2,2,2,dream_agent,-5.9813027,1670
183.32271082458823,198.45638085008153,212.46525814317948,227.31342315080127,231.56479687246224,2,2,2,2,2,dream_agent,-5.87336,1671
183.1083486672832,198.17618007068987,212.46712012044347,227.70383862438086,231.65870214555582,2,2,2,2,2,dream_agent,-5.8763876,1672
183.5079622366937,198.01562643985298,212.3422573944461,228.08079853625006,231.65873897771974,2,2,2,1,2,dream_agent,-5.843693,1673
182.8119392915457,197.8993285233135,212.42112602046888,228.37121804796817,231.5523310724739,2,2,2,2,2,dream_agent,-5.8944592,1674
182.7160390965594,197.69368820980426,212.70383930848038,228.74735727404584,231.6359233870525,2,2,2,2,2,dream_agent,-6.0268893,1675
182.81649902902467,198.0909500078824,212.4743362007084,228.3720259356014,231.68082146192097,2,2,2,2,2,dream_agent,-6.2174964,1676
182.86380697999275,197.60194171739684,212.67078528586475,228.5752658475284,231.47767003051794,2,2,2,2,2,dream_agent,-6.511129,1677
182.58627998418365,197.66947228848693,212.30566919655635,228.32358841900532,232.1105955776349,2,2,2,2,1,dream_agent,-6.832746,1678
182.7604079651199,197.74209621248468,212.83894630082574,227.8175039674838,232.08963921134236,2,2,2,2,2,dream_agent,-6.967506,1679
181.89584124292907,197.4622258107882,212.51967473425796,227.9041114949353,232.50047362919616,2,2,2,2,2,dream_agent,-6.870935,1680
183.25750077769553,197.51504735890893,212.5439469033459,227.92582840192222,232.28551384091145,1,2,2,2,2,dream_agent,-6.737504,1681
182.9925097727427,197.89583177392876,212.04293872889016,227.79537879795768,231.5763532484497,2,2,2,2,2,dream_agent,-6.2652345,1682
182.84310200878744,197.7213930470748,211.9356295101228,227.86624243881724,231.8275376886108,2,2,2,2,2,dream_agent,-5.5305815,1683
182.97607771368908,197.7943131613977,212.67793181435712,227.47492348398248,231.9326987702272,2,2,2,2,2,dream_agent,-5.1253734,1684
183.12500589820345,197.90166516865293,212.65787685301663,227.2875529356158,231.73737812915624,2,2,2,2,2,dream_agent,-4.983912,1685
182.9006576257457,197.73533447475356,212.6812137207939,227.90709770703953,232.11251562983134,2,2,2,1,2,dream_agent,-5.1691165,1686
182.9696235478471,197.88457270208465,212.26854000358685,228.04840467921778,232.0782590573304,2,2,2,2,2,dream_agent,-5.2386646,1687
183.11558632089887,197.80886061879167,212.33742920674993,228.1709248016748,232.48841821719014,2,2,2,2,2,dream_agent,-5.64995,1688
183.01812741115756,197.79089767537462,212.72276006885303,228.40694740447904,232.04158885692965,2,2,2,2,2,dream_agent,-6.173941,1689
182.63932041134493,197.83607359934845,212.54128956453377,228.18631379238798,232.08983861736198,2,2,2,2,2,dream_agent,-6.7671676,1690
182.7031238886017,197.37512748389815,212.27202457846505,228.2976893159195,232.00641099784912,2,2,2,2,2,dream_agent,-7.2695494,1691
183.0567549482096,197.95792457446368,212.71862358369012,227.6940841465858,231.98381541975587,2,2,2,2,2,dream_agent,-7.4345284,1692
182.7564140776009,197.7330182575629,212.2970031257135,227.3688704205102,231.68560506599718,2,2,2,2,2,dream_agent,-7.384326,1693
182.23863758850726,197.69320618285394,212.2252581658655,227.07209126585727,231.77263892192778,2,2,2,2,2,dream_agent,-7.0987206,1694
182.6193484881608,197.76250537972973,212.9262814734535,227.00100184743633,232.2903175996163,2,2,2,2,2,dream_agent,-6.8981457,1695
183.0373713068673,197.66212777950517,212.90842898449367,227.69388540253635,231.82033210675854,1,2,2,1,2,dream_agent,-6.8177514,1696
183.07060097317054,197.53548685103678,212.649376540029,228.177506363529,231.81655024273758,2,2,2,2,2,dream_agent,-6.510069,1697
183.48098635338,197.41180818244294,212.48626091224207,227.99287367287573,231.92013458411697,2,2,2,2,2,dream_agent,-6.2792053,1698
183.1225970848172,197.5266311458089,212.79995942049644,227.79041100807217,231.55550779431522,2,2,2,2,2,dream_agent,-6.127973,1699
182.83467097818206,197.18320248643747,212.78352487751428,228.03236782963975,231.91251395920747,2,2,2,2,2,dream_agent,-6.091834,1700
182.85833822562546,197.25800193948496,212.81420381134126,228.08504417204375,231.01049482740726,2,2,2,2,2,dream_agent,-5.9773216,1701
182.83706973217625,197.29634911584384,212.35467057182626,227.46565880624723,231.66479414886095,2,2,2,2,2,dream_agent,-5.7479506,1702
182.67944668878326,197.29468595606724,212.30539911464962,227.48122245848833,231.95616211510793,2,2,2,2,2,dream_agent,-5.7169847,1703
182.4380650320228,197.43481032940144,212.6891095140036,227.69712973296112,231.79627860321648,2,2,2,2,2,dream_agent,-5.57366,1704
182.13383456623905,197.62269782650316,212.36750340213683,228.6032783736411,231.47042033357994,2,2,2,1,2,dream_agent,-5.5640435,1705
182.87456784087294,197.35122926815447,212.66289832027852,228.59830944267438,231.76907845728277,2,2,2,2,2,dream_agent,-5.567078,1706
182.58253082237104,197.31689050969337,211.9472139499994,228.49321471392696,230.9240730456154,2,2,2,2,2,dream_agent,-5.6916265,1707
182.90582516053553,197.0842347279982,212.75718850493064,228.9088157741082,231.51070261072533,1,2,2,2,2,dream_agent,-5.8018346,1708
183.6205626887074,197.21702111254177,213.0859574085249,228.89720036094903,231.5214291139416,2,2,2,2,2,dream_agent,-5.7233586,1709
183.56268208355462,197.2476189350986,212.66194408919245,228.7502670722759,231.1828565544472,2,2,2,2,2,dream_agent,-5.8802714,1710
183.50072334408884,196.9213675664187,212.9175810077277,228.07543344022497,231.92473071884953,2,2,2,2,1,dream_agent,-6.3558326,1711
183.72324525888578,197.69614401662488,212.6720160466145,228.28402057646906,232.30987449416173,2,1,2,2,2,dream_agent,-6.772962,1712
183.312154597253,197.83256959959056,212.61447116969825,228.28929924314755,232.58685178289656,2,2,2,2,2,dream_agent,-7.094122,1713
183.4099275400661,198.18762347091294,212.5329350886174,227.80447066715163,232.21541437181918,2,2,2,2,2,dream_agent,-7.032489,1714
182.77861613285538,198.1843378710477,212.7967754719014,227.98002341551586,232.1994719756084,2,2,2,2,2,dream_agent,-6.9367347,1715
182.81946277273255,198.6943096483387,212.9622943323637,227.5654455653217,232.35634160206814,2,2,2,2,2,dream_agent,-6.6484733,1716
182.59428724583393,198.46819469887933,212.86683243215577,227.3630021556992,231.80006293237753,2,2,2,2,2,dream_agent,-6.486164,1717
182.36973311321194,198.169250081935,212.9246127731919,227.61065548689285,232.07684118470962,2,2,2,2,2,dream_agent,-6.4506125,1718
182.9568982724215,197.95079840978303,213.04596556185183,228.49674293361466,232.20560178070028,1,2,2,1,2,dream_agent,-6.3853707,1719
183.3874056039189,198.09064690060023,212.66672558167414,228.34275355325983,231.75745618496697,2,2,2,2,2,dream_agent,-6.052903,1720
183.02451482684603,198.26241293875464,212.3852358130892,228.8197399338301,231.90757710652287,2,2,2,2,2,dream_agent,-5.930223,1721
183.1341033258237,198.02109358780763,212.93044649035943,228.4554979907436,231.9075218727487,2,2,2,2,2,dream_agent,-5.96855,1722
183.11492121447648,197.93487896364218,212.72401671225504,228.2204377976811,232.20173218132854,2,2,2,2,2,dream_agent,-5.946853,1723
182.75053850940552,197.88479439944743,212.43705115710435,228.30914013241863,231.74029018981759,2,2,2,2,2,dream_agent,-6.0779786,1724
182.99778269483747,198.10730852740008,212.91130927457678,227.86364936940035,232.05303923182677,2,2,2,2,2,dream_agent,-6.224266,1725
182.35029122982544,197.4135170262092,212.74706644081175,228.37407833309544,232.26159321685194,2,2,2,2,2,dream_agent,-6.6219325,1726
182.9681520397455,197.75787261166295,212.88161758752372,228.0598551356807,231.8440738302815,2,2,2,2,2,dream_agent,-6.8749895,1727
182.10972836222967,197.64746297302918,212.4304324527873,227.72909674650438,231.6468692992013,2,2,2,2,2,dream_agent,-6.966142,1728
183.17901593108968,197.36174763184948,212.78541368694323,227.656327591068,231.76816474766954,1,2,2,2,2,dream_agent,-7.1313944,1729
183.07121830207348,197.16585568026485,212.4231493613046,227.3603247695323,231.87128565143496,2,2,2,2,2,dream_agent,-7.145859,1730
183.0083182935253,198.14473320431966,212.58559247372716,227.7736162734701,231.76296009984387,2,1,2,2,2,dream_agent,-7.2868156,1731
182.88720550035427,198.49238945100643,212.63205862546178,227.37651966267194,231.92555494531123,2,2,2,2,2,dream_agent,-6.981828,1732
183.02497678702994,198.47313094766477,212.54528554432363,227.5746575148105,231.59440901972798,2,2,2,2,2,dream_agent,-6.760648,1733
183.0634117083884,198.8565122041945,212.9486058333267,227.45595939048272,231.8737829871314,2,2,2,2,2,dream_agent,-6.7088766,1734
182.6320128852212,198.75293649889142,212.41327735633467,227.93607613842462,231.3825425845171,2,2,2,1,2,dream_agent,-6.6359887,1735
182.87899943004044,198.13083798273033,212.58757891243414,228.22965473496723,231.5465487421466,2,2,2,2,2,dream_agent,-6.3791804,1736
182.5298745373823,199.00047126984884,212.5952934985584,228.4972929939667,231.50311644928738,2,2,2,2,2,dream_agent,-5.9446716,1737
183.2784314283943,198.66112559932367,212.6923033145384,228.16220693904083,231.89090584037578,1,2,2,2,2,dream_agent,-6.0762844,1738
183.13515121659194,198.6848341070517,212.3516515003224,228.62548020010246,231.42997525465992,2,2,2,2,2,dream_agent,-5.886919,1739
183.0836669843282,198.50570425451113,212.66375332290465,228.27718956647635,231.82784256720302,2,2,2,2,1,dream_agent,-5.5428658,1740
182.70856932382475,198.5270839149566,212.63357973407122,227.7233037047166,232.2575703321748,2,2,2,2,2,dream_agent,-5.375465,1741
183.0719892390397,198.61418181356115,212.49831805850604,228.0538091772775,232.08154435468597,2,2,2,2,2,dream_agent,-5.6335893,1742
182.70746215513893,198.34278063330112,212.2066122825173,228.0668624042412,232.217742141803,2,2,2,2,2,dream_agent,-5.779398,1743
182.6398107118032,198.28499429392465,211.85914518320186,227.92871509510803,232.2944378340673,2,2,2,2,2,dream_agent,-5.9997287,1744
182.42954787977322,198.10964147300206,212.1355449873854,228.0494701756487,231.94659330940698,2,2,2,2,2,dream_agent,-6.159215,1745
182.35801185946613,198.17633280436974,212.05639647392252,227.63817520923575,232.01056956572353,2,2,2,2,2,dream_agent,-6.186831,1746
182.72768623410812,197.95692733952214,212.5951248553851,227.5989122763634,232.10803707017996,1,2,1,2,2,dream_agent,-6.5572143,1747
183.1880693047975,197.9389195044641,213.53972488699452,227.24854940137405,232.2225166193455,2,2,2,2,2,dream_agent,-6.4035125,1748
182.92268419286864,198.25359694411472,213.61042950732673,227.44718642349238,232.05112023528753,2,2,2,2,2,dream_agent,-6.440061,1749
182.8043903623621,197.71451932600485,213.47424927537313,227.97188509235295,231.5940909865031,2,2,2,1,2,dream_agent,-6.4784646,1750
182.27369480102405,197.50124565435402,213.4775336366007,228.52072237053682,231.77347633041202,2,2,2,2,2,dream_agent,-6.289021,1751
182.30490617407344,197.8397862393926,213.04867298535265,228.02560312297885,231.72617804958867,2,2,2,2,2,dream_agent,-6.272135,1752
182.7591761285493,197.27813705365216,213.15527589046977,228.06681188539724,232.02217293113435,1,2,2,2,2,dream_agent,-6.4456387,1753
183.35976872705413,197.6393013894555,213.32544823179722,228.1301744061401,231.93960541404934,2,2,2,2,2,dream_agent,-6.5249524,1754
183.31240519297117,197.8157219535027,213.3369499021621,228.18917699931094,231.41379306529822,2,2,2,2,2,dream_agent,-6.512286,1755
183.15388180307437,197.49360372118542,213.24841861096166,227.95894904882732,231.54386453414804,2,2,2,2,2,dream_agent,-6.4336925,1756
182.8656022814842,197.79269324752119,212.8626137015059,227.40027425117117,231.8966718646777,2,2,2,2,2,dream_agent,-6.616599,1757
182.92214882069598,197.5556757842287,213.18968266076706,227.66770547476568,231.63862734551154,2,2,2,2,2,dream_agent,-6.7377973,1758
183.12226982825,197.70852296136817,213.08327752454545,227.49125554158013,231.44661413978415,2,2,2,2,2,dream_agent,-6.6406417,1759
182.67774030032461,197.57411595831147,213.49531924733785,228.12439132822288,231.49130367766602,2,2,2,1,2,dream_agent,-6.6908746,1760
182.63242903799443,197.26771243408564,212.80183566593155,228.06841606920702,231.49561620469242,2,2,2,2,2,dream_agent,-6.4339476,1761
182.61428951346224,197.4253628190006,213.22586905300705,228.56196953045225,231.3005268640719,2,2,2,2,2,dream_agent,-6.2083187,1762
182.96897066726376,197.26219564110463,213.53485291374096,228.11199681688134,231.06252680653785,2,2,2,2,2,dream_agent,-5.989933,1763
182.93924744372544,197.00599248471912,213.86613701547518,228.06220571248087,231.77562792911547,2,2,2,2,1,dream_agent,-5.9533515,1764
182.24682814594036,197.03291218215554,213.11226752078142,228.06997503037846,232.41853099065344,2,2,2,2,2,dream_agent,-6.114878,1765
182.5691267207092,198.1049349734657,213.56557376597826,228.2650675303693,232.1698107033498,2,1,2,2,2,dream_agent,-6.1853323,1766
183.51222691931702,198.37189046020546,213.23434013496433,227.90990012118368,231.91967452120664,1,2,2,2,2,dream_agent,-6.190732,1767
182.9053291322355,198.52371078069805,213.35095489139962,227.9200157457198,231.8730072618914,2,2,2,2,2,dream_agent,-6.0146923,1768
183.32052126336987,198.31875994963164,213.1430931705592,228.00154301019214,232.27868559964898,2,2,2,2,2,dream_agent,-6.1817584,1769
183.17012405842482,198.43142618307184,213.28701717744028,227.5835322491187,231.99841643077133,2,2,2,2,2,dream_agent,-6.2261505,1770
183.28590933889325,198.2576656295213,213.59104608475022,227.63694922849888,231.9202360360997,2,2,2,2,2,dream_agent,-6.291597,1771
182.5844413135308,198.39040976687028,213.29872690113112,227.25574843662355,232.11806869032495,2,2,2,2,2,dream_agent,-6.449046,1772
182.97108495080377,198.90353074703958,213.00956681748576,228.13127101822403,231.74298330799883,2,2,2,1,2,dream_agent,-6.774801,1773
182.59735482291114,198.3961311398955,213.16773714809082,227.8338418743266,232.11706683578777,2,2,2,2,2,dream_agent,-6.705422,1774
182.5765543934487,198.79450445583515,212.8593312190228,228.33538586169922,231.94731325721168,2,2,2,2,2,dream_agent,-6.7376204,1775
182.47421619180187,198.26442654694688,213.0734990704771,227.89086274626703,232.01561513604935,2,2,2,2,2,dream_agent,-6.8313417,1776
182.32623824785344,198.53345416372,213.0481435701734,227.82494778151855,231.48694478618057,2,2,2,2,2,dream_agent,-6.8147864,1777
182.8602124562212,198.33739228114783,213.33659571944258,227.84731623197973,231.15777151454606,1,2,2,2,2,dream_agent,-6.988884,1778
183.46013266367044,198.3692577671902,213.1588991932112,227.34121956200676,232.37005568358774,2,2,2,2,1,dream_agent,-6.978223,1779
183.11242823488612,198.53834939670438,212.88465091095654,227.47762709697272,231.8805714846858,2,2,2,2,2,dream_agent,-6.682503,1780
183.48021974310942,198.46015272622392,213.1417254802377,227.42995351880427,232.45070802130817,2,2,2,2,2,dream_agent,-6.6724777,1781
183.00700139027578,198.5952108325594,213.08300709665824,227.86634632016924,232.6202732796154,2,2,2,1,2,dream_agent,-6.9620333,1782
182.99892005796096,198.51145196311526,212.5365880718491,228.16638885214346,232.16933648711006,2,2,2,2,2,dream_agent,-7.052621,1783
182.92394331802953,198.70438934899028,212.14617977808226,228.2625362649952,232.01827174940988,2,2,2,2,2,dream_agent,-7.089862,1784
182.83380822385666,198.28992029513753,212.60856127662558,227.99141608029404,231.91696713865375,2,2,2,2,2,dream_agent,-7.1462717,1785
182.77488069027797,198.077523118612,212.76211358330062,227.99386298037,232.24091697534223,2,2,2,2,2,dream_agent,-7.1199236,1786
182.54600637260376,198.13250945297764,212.68767953739416,227.67253860343817,231.89083550910155,2,2,2,2,2,dream_agent,-6.914326,1787
183.31086471646043,197.97777787583868,213.11192455521015,228.02554327612057,232.06742179789197,1,2,2,2,2,dream_agent,-6.812715,1788
183.70337654857505,198.43237629070236,212.9749463870223,228.1663985927869,231.96988150363458,2,2,2,2,2,dream_agent,-6.3843794,1789
183.97390096422927,198.56498623345502,212.6662415838245,227.9234736467385,232.002621029174,2,2,2,2,2,dream_agent,-6.347936,1790
183.66564998468576,198.033731346485,212.49064203087624,227.90421179105425,232.02620763131756,2,2,2,2,2,dream_agent,-6.4660172,1791
183.43274622194423,198.24023022688343,212.82587541005086,227.32226768239693,231.90003729508715,2,2,2,2,2,dream_agent,-6.6984553,1792
183.23419645231243,198.24498024791217,212.845223639792,227.64255277669403,231.75870480828183,2,2,2,2,2,dream_agent,-6.8757124,1793
183.6033767027336,198.1057966302621,212.98951354881808,227.36536911884505,232.00932745823528,2,2,2,2,2,dream_agent,-7.1470394,1794
183.19706402171533,198.52984425041313,212.7642953010236,227.79709612831437,231.67810912390797,2,2,2,2,2,dream_agent,-7.270484,1795
183.34471555227697,198.39941263230648,212.8278339506661,227.86867563454578,231.52634412018034,2,2,2,1,2,dream_agent,-7.2583704,1796
182.96390604758207,198.25815390564182,212.47381441773783,228.33814139752806,231.83936932159028,2,2,2,2,2,dream_agent,-7.096033,1797
183.24440519111005,197.8938697126698,212.8107388262908,228.7588665285864,231.69422332059568,2,2,2,2,2,dream_agent,-6.841341,1798
182.87833792229304,198.06215404136526,213.07633741272596,228.08801008487492,232.24194403680525,2,2,2,2,2,dream_agent,-6.838982,1799
182.62869806522923,198.11028469340278,212.54021091752142,228.25411039604936,231.6409643093684,2,2,2,2,2,dream_agent,-7.1542473,1800
182.91212628583412,198.12467289334515,213.02070253611706,228.2407722053193,232.43202677526685,2,2,2,2,2,dream_agent,-7.326605,1801
182.57608891143735,197.8812838247331,212.7377345143354,228.31687211490544,232.07784732491305,2,2,2,2,2,dream_agent,-7.4909887,1802
182.5343911517833,197.93825511300574,212.7839721786517,228.0651624770185,231.85145519615918,2,2,2,2,2,dream_agent,-7.511421,1803
182.2324853929766,198.24486361384393,212.49828740665328,228.0587409876943,232.0569762435111,2,2,2,2,2,dream_agent,-7.6022377,1804
182.99467218653723,197.77348250566936,212.57776302104153,227.9047993647518,231.97168897278658,1,2,2,2,2,dream_agent,-7.5728836,1805
183.5209768812384,198.0556087702155,212.35176842210151,227.95512982651132,231.89236039695197,2,2,2,2,2,dream_agent,-7.570072,1806
183.15823050678893,197.88686389604138,212.31795600409612,227.97343297130115,231.39870827569354,2,2,2,2,2,dream_agent,-7.126189,1807
182.80699554758766,197.75423156369328,212.4368178280854,227.72418425917755,231.7109522337347,2,2,2,2,2,dream_agent,-6.6339555,1808
182.83807769580605,197.95005935425283,212.44546345342238,227.4703201982549,231.773902706806,2,2,2,2,2,dream_agent,-6.2969623,1809
182.25045899562517,197.78741889151536,212.18054340237927,228.2162255817847,231.5134223892146,2,2,2,2,2,dream_agent,-5.959545,1810
182.39509634031748,197.71570240894536,211.95952447180207,227.60703934412413,231.5725905406735,2,2,2,2,2,dream_agent,-5.732635,1811
182.9763034956151,197.9104653075162,212.28007010934135,227.70764459759215,231.4613473970713,1,2,2,2,2,dream_agent,-5.857584,1812
183.731064087742,197.64347413954076,211.7423819644981,227.60868435421014,231.54894571461372,2,2,2,2,2,dream_agent,-5.897643,1813
183.47503615286908,197.5986720310823,213.29622810105823,227.37832499513368,231.47656429423932,2,2,1,2,2,dream_agent,-5.9271703,1814
182.97389001067745,197.31778714819225,212.99156333433606,227.10499460608185,231.50543383865005,2,2,2,2,2,dream_agent,-5.63376,1815
183.1251037852964,197.3952650497403,213.91016667828225,227.72318191117978,231.4134311820046,2,2,2,1,2,dream_agent,-5.701785,1816
182.6453758295708,197.65116243399183,213.2699559373266,227.64543295501616,232.02255694062407,2,2,2,2,1,dream_agent,-5.7825103,1817
182.54844322968188,197.20138290547558,212.97159087698677,227.88374243106463,232.27014910383082,2,2,2,2,2,dream_agent,-5.879753,1818
182.75603296771038,197.56301861612513,213.3143604929283,227.63763784341705,232.53411106815378,2,2,2,2,2,dream_agent,-5.9807444,1819
182.69955765969075,197.61037073799457,213.43791167151946,227.36738331704854,232.1594080138713,2,2,2,2,2,dream_agent,-6.1982136,1820
182.93226333034653,197.1609866606443,212.98947178510414,227.4027875336331,232.41468914377597,1,2,2,2,2,dream_agent,-6.6532345,1821
183.55705077157143,197.29196095747622,212.8878503817782,227.41890811490467,232.0718834537229,2,2,2,2,2,dream_agent,-6.7178583,1822
183.58994281145962,197.20035477685875,213.18924637013197,227.36432967677732,232.9516200173612,2,2,2,2,2,dream_agent,-6.945495,1823
183.22101221879672,197.3717789675756,212.68179735587395,227.80701002276967,232.22050454039922,2,2,2,1,2,dream_agent,-7.35077,1824
183.1230798107465,197.21569704560903,213.38299186081733,227.93010029111326,232.76370752460613,2,2,2,2,2,dream_agent,-7.472562,1825
183.2070373369273,196.92411787224145,212.98407256742428,228.2762774953762,232.1640461797908,2,2,2,2,2,dream_agent,-7.6460295,1826
182.58971633980414,196.95649357186025,213.01408402023225,228.36748745899288,232.36450070793748,2,2,2,2,2,dream_agent,-7.5455875,1827
182.87039091318024,197.69218538609687,212.78916801453207,228.1197618174465,232.33932873098064,2,1,2,2,2,dream_agent,-7.5389013,1828
182.74872044610404,197.86085301718208,212.53242225788551,228.12993391183753,232.26051276882697,2,2,2,2,2,dream_agent,-7.4611444,1829
182.54081874166147,198.2838622404902,212.4750046033786,228.10325844751605,232.1967216184464,2,2,2,2,2,dream_agent,-7.4204006,1830
182.8677619954143,198.27646818526003,212.3843775507638,227.95472660489042,232.09805278311572,2,2,2,2,2,dream_agent,-7.1922083,1831
182.6880736227275,198.26202052529248,212.6235099308396,227.94912305007026,231.80655120652548,2,2,2,2,2,dream_agent,-7.0572624,1832
182.74514487958518,198.10257190864513,212.41230277191232,227.74872144267042,232.35321057658896,1,2,2,2,2,dream_agent,-7.0742083,1833
183.71837318050422,197.79925310606004,212.7329149539651,227.55603164749877,232.07729956030425,2,2,2,2,2,dream_agent,-6.8784113,1834
183.63910763371555,198.21608823362146,212.94418878808747,227.44328116575917,232.35400781633913,2,2,2,2,2,dream_agent,-6.7143297,1835
183.39455884048257,197.91778413549335,212.53278017373367,227.41129697119854,232.17291174116653,2,2,2,2,2,dream_agent,-6.5623746,1836
183.63776266637643,197.6248808486523,212.7117252835019,227.73058974101076,232.69014571176066,2,2,2,1,2,dream_agent,-6.890118,1837
183.61123712165573,197.91119700310767,212.71394895779986,228.27802820536343,232.35198599827493,2,2,2,2,2,dream_agent,-6.8154907,1838
182.92932041440582,197.9536553272482,212.6955555887932,228.37568787452363,232.2846433367129,2,2,2,2,2,dream_agent,-6.4201303,1839
182.84590646057404,197.3697774736508,212.38927750126646,228.35525268361133,232.0588708331581,2,2,2,2,2,dream_agent,-5.9965515,1840
182.9676120502335,197.81364561699888,212.94004110854652,228.13352665727922,232.72417733191867,2,2,2,2,2,dream_agent,-5.5923634,1841
182.6119598717954,197.54092388994965,212.5454795631788,228.22327889669015,232.63572214397783,2,2,2,2,2,dream_agent,-5.2989507,1842
183.0937310481245,197.59523926111467,212.90688518697485,227.823902808269,232.77903658261468,2,2,2,2,2,dream_agent,-5.3709497,1843
182.49536666440713,197.5040504130683,212.55771670856655,228.1396865851302,231.91095336564248,2,2,2,2,2,dream_agent,-5.5903025,1844
183.5195780748434,197.4024997775014,212.760931058875,227.85302253264808,232.42055051034495,1,2,2,2,2,dream_agent,-5.9680295,1845
183.29658605362403,197.54898542065902,212.7421920764048,228.03672876663737,232.28915964727727,2,2,2,2,2,dream_agent,-6.390619,1846
183.73336236199805,197.32731227188262,212.70235747554358,228.00844306161915,232.2401249061739,2,2,2,2,2,dream_agent,-6.5730324,1847
183.55060088761113,197.19884278268336,212.30865207249482,227.37530330969972,232.2589442073659,2,2,2,2,2,dream_agent,-6.666365,1848
183.75177671023343,197.39899636493837,212.44929580667048,227.620278834813,232.42931711144993,2,2,2,2,2,dream_agent,-6.6008058,1849
183.80241307184946,197.92894810976688,212.8121938216497,227.2914279131675,232.18126232536036,2,2,2,2,2,dream_agent,-6.7085643,1850
183.27424920943966,197.31774412776053,212.8148359304697,227.47319632725805,232.5160164928934,2,2,2,2,2,dream_agent,-6.7169824,1851
183.33021350634917,197.25529702038483,212.46520627646632,227.78045388950486,232.2593804197445,2,2,2,1,2,dream_agent,-6.9407682,1852
183.6798515786434,197.22721459021088,212.72181570375687,228.3771144340615,232.3311041102388,2,2,2,2,2,dream_agent,-6.6152678,1853
183.26694174698423,197.55375422717043,212.4131587917776,227.9430134736212,232.0807180001175,2,2,2,2,2,dream_agent,-6.2241616,1854
183.46492105141473,197.18152568836146,212.3564621880702,228.14718309406322,231.9629460465265,2,2,2,2,2,dream_agent,-5.8732214,1855
183.2333435305378,197.07362373965518,213.0677170114735,228.28870172905357,231.8587216060751,2,2,2,2,2,dream_agent,-5.6329565,1856
182.89060507523038,197.43504917581225,212.60564738974062,228.10504196979542,232.5660954430952,2,2,2,2,2,dream_agent,-5.417779,1857
183.1377853004254,197.14778548055452,212.9454836585654,228.032362066956,232.31898971778196,2,2,2,2,2,dream_agent,-5.5145683,1858
183.2233079764719,197.237240363443,212.91009426552225,227.67357742327007,232.04733510329908,2,2,2,2,2,dream_agent,-5.808803,1859
182.91242427200538,196.99732532789912,212.99028074348678,227.92203512311485,231.98694575755928,2,2,2,2,2,dream_agent,-6.108279,1860
183.01143327865282,197.63808691413686,212.87557537693908,227.45107996047574,232.56310217229026,2,1,2,2,2,dream_agent,-6.580623,1861
182.94755686868677,197.85341950005645,213.1088108116817,227.34205449879292,231.75042252091,2,2,2,2,2,dream_agent,-6.7664857,1862
182.97657635495256,198.54082519957183,212.97024821455747,227.64885170880498,232.158405598381,2,2,2,2,2,dream_agent,-6.827291,1863
182.7240744719321,198.2382188513468,213.06328198232788,227.5632880191033,232.18401383133153,2,2,2,2,2,dream_agent,-7.006959,1864
182.61775017787056,198.2863520480182,212.73090155152127,228.4386814877759,231.3377599630895,2,2,2,1,2,dream_agent,-7.4542465,1865
182.1868744865559,198.57097489532688,212.85865605756615,228.70890795556224,231.5354942397303,2,2,2,2,2,dream_agent,-7.434534,1866
183.01979716879802,198.23458249972762,212.43865002553827,228.5988757689391,231.73377888341332,1,2,2,2,2,dream_agent,-7.207285,1867
183.24636496278524,198.21094642841024,212.97824290327722,228.37599722911486,231.92576124415163,2,2,2,2,2,dream_agent,-6.8274517,1868
183.3686543916393,198.283457862474,212.90947008953566,228.12203318939322,232.0743887063323,2,2,2,2,2,dream_agent,-6.659419,1869
183.39668012262186,198.26343601269255,212.66897034053184,227.82054577162157,231.48004469560397,2,2,2,2,2,dream_agent,-6.900272,1870
182.9545113340946,198.2324308903931,212.44469042447687,228.03170201611263,231.7196867964214,2,2,2,2,2,dream_agent,-7.139205,1871
182.59991983415298,198.34497495230684,212.38789641508947,227.56485043034053,232.12504497432192,2,2,2,2,2,dream_agent,-7.1223946,1872
182.77177303211502,198.28470602635065,212.3221970117014,227.46499854183938,232.00305713441062,2,2,2,2,2,dream_agent,-7.031041,1873
182.54879217462195,198.44941587156765,212.57206060156037,227.38516840867985,232.38107341663422,2,2,2,2,2,dream_agent,-6.6366954,1874
182.70465279265238,198.56630540506936,212.32611058451818,228.4631144116063,231.7685823749039,2,2,2,1,2,dream_agent,-6.5855136,1875
182.3615512731732,198.62547508041567,212.4012975548382,228.37715730127817,232.0500338892247,2,2,2,2,2,dream_agent,-6.400131,1876
183.2639076350608,198.27203080575026,212.06404456487107,228.29188519104528,231.9930911489022,1,2,2,2,2,dream_agent,-6.25089,1877
183.830121662345,198.11131263899424,212.89386424982305,228.12075134041476,232.03788137278443,2,2,1,2,2,dream_agent,-6.0797143,1878
183.2329029240192,197.9218060041263,213.44036979050324,228.22602832201943,232.03580826190998,2,2,2,2,2,dream_agent,-5.730828,1879
183.2884517212671,198.33680840825204,213.98909228717258,228.2869786062885,231.52290073440852,2,2,2,2,2,dream_agent,-5.5514607,1880
183.1245270181301,198.06652794580253,213.68339714130644,228.1173721323814,231.77034472329362,2,2,2,2,2,dream_agent,-5.3601813,1881
183.09079657638492,197.99369803989381,213.42716273034915,228.0480323735972,231.85096122293632,2,2,2,2,2,dream_agent,-5.2205653,1882
183.12137442705134,198.05971224509207,213.81409959539252,227.31283694065223,232.05944129253191,2,2,2,2,2,dream_agent,-5.197878,1883
183.30375960222486,198.26922498020537,213.5770714633076,227.80093759396667,231.93882532971563,2,2,2,2,2,dream_agent,-5.5401306,1884
182.76447486774367,197.9614221230255,212.8771410434022,227.51859475606364,231.65359088150996,2,2,2,2,2,dream_agent,-5.8670425,1885
182.69698161467966,197.6807222388019,213.13062404820278,228.47844284936227,231.62189472151258,2,2,2,1,2,dream_agent,-6.428933,1886
183.15235864310188,198.0771092585162,213.28253119074245,228.70269749450893,231.42108522555748,2,2,2,2,2,dream_agent,-6.6882625,1887
182.83914239700374,198.05865544263673,213.02385238166343,228.3714991298796,231.96716063373344,2,2,2,2,2,dream_agent,-6.698367,1888
182.80163119500577,197.90072981201212,212.98464086567245,228.26799066863617,231.6794101870785,2,2,2,2,2,dream_agent,-6.7390666,1889
182.77984056873854,197.72150500047775,213.17841119785277,228.30916401102542,231.57686150716498,2,2,2,2,2,dream_agent,-6.404665,1890
182.47602363041662,197.79677411787767,213.00400114144813,228.37478190262868,231.44035517115816,2,2,2,2,2,dream_agent,-6.2742195,1891
182.14225511102464,197.5255978428622,212.98443228070246,228.1699405891826,231.0968333000842,2,2,2,2,2,dream_agent,-6.1534696,1892
182.71777434453105,197.45334889430592,213.32670663301653,228.27065628528314,231.33437594964587,1,2,2,2,2,dream_agent,-6.2182965,1893
182.7721285954635,197.43299508629312,213.01112558966085,227.91995007430216,231.21329002054512,2,2,2,2,2,dream_agent,-5.975116,1894
182.99253426941257,196.94175836002327,213.46057362488935,227.52664436347558,231.84385640802532,2,2,2,2,1,dream_agent,-5.9889016,1895
183.26597496100163,197.66142269085276,213.15384756636539,227.4323168437665,232.4678681623329,2,2,2,2,2,dream_agent,-5.9625125,1896
183.0365550296422,197.45317191461677,213.04433070490362,227.64228454938376,232.5143723165053,2,2,2,2,2,dream_agent,-5.9949565,1897
183.20186878321127,197.03521023896337,213.64042661400725,227.0374233824791,232.56763507439982,2,2,2,2,2,dream_agent,-5.907546,1898
182.92337815495918,197.3181418776745,212.89364754948656,228.06498654460876,232.63382818676538,2,2,2,1,2,dream_agent,-6.0861835,1899
183.11652207094295,197.2486820277425,212.7374495928876,228.2376417250179,232.69131163856954,2,2,2,2,2,dream_agent,-6.13568,1900
182.70185203470166,197.75435002188715,212.593606330744,228.71195357418688,232.27618540787356,2,1,2,2,2,dream_agent,-6.278808,1901
183.02040897570367,198.0894590157398,213.17169279659367,228.07515915235484,232.8110683687247,2,2,2,2,2,dream_agent,-6.2043557,1902
182.99407466841072,198.070957862623,213.15175423843044,227.99967626126744,232.21433464288083,2,2,2,2,2,dream_agent,-6.1779675,1903
182.32839728460485,198.13323373523926,213.0335309723208,227.87030039934993,232.02842238253058,2,2,2,2,2,dream_agent,-5.996093,1904
183.03669427729517,198.00699133590695,212.98710426793426,227.54621180826248,232.38242284958937,2,2,2,2,2,dream_agent,-6.075455,1905
182.49093886148816,198.1512166399197,213.3644025650309,227.42080413479894,232.24901265273778,2,2,2,2,2,dream_agent,-6.0931683,1906
182.8651282165971,197.8120444431173,213.25604935901836,227.4039282546775,232.21250531169076,1,2,2,2,2,dream_agent,-6.1690946,1907
182.84699706439793,197.5043208337259,212.97393597652322,227.43998538625797,232.6869063252797,2,2,2,2,2,dream_agent,-6.311418,1908
183.34758300311233,197.46135804820878,212.90290543499208,227.87608765661068,232.52037374551617,2,2,2,1,2,dream_agent,-6.828657,1909
183.35570311352714,198.04088179194423,213.27413641885562,227.76161678599982,232.77918373419007,2,2,2,2,2,dream_agent,-7.267046,1910
183.28327297264488,197.73902384491515,212.77337532900427,228.28253976326752,232.2380122871648,2,2,2,2,2,dream_agent,-7.5381336,1911
182.6415513116622,197.7337290894193,212.8016040679477,228.05602958233206,232.45014388043617,2,2,2,2,2,dream_agent,-7.6685963,1912
182.64632315216303,197.73534903259124,213.00091817084592,227.82949305804058,232.35626820273524,2,2,2,2,2,dream_agent,-7.8170614,1913
182.78237792886281,197.8244630773545,212.93975662247337,227.86933797319273,232.48291425553123,2,2,2,2,2,dream_agent,-8.087286,1914
182.63500828849624,197.28204241822965,212.77932670127345,228.16925610705323,232.46798043864686,2,2,2,2,2,dream_agent,-8.136337,1915
182.9398716420404,197.60509303885937,212.706499550069,227.7717048655749,232.58208577419694,2,2,2,2,2,dream_agent,-8.207337,1916
182.49851420386975,197.85092871651008,212.8983820207224,228.11464220401842,232.2727580591339,2,2,2,2,2,dream_agent,-8.093589,1917
182.99227249103413,197.51982862634327,212.7922830004003,227.62829447419645,232.09063186566854,2,2,2,2,2,dream_agent,-7.850543,1918
183.21697392712056,197.54711957180749,212.96361655171725,227.49799231403054,232.33123422654893,1,2,2,2,2,dream_agent,-7.8745337,1919
183.848540533783,197.52521085530637,213.07765776999216,227.5722985157477,232.18691060883782,2,2,2,2,2,dream_agent,-7.44392,1920
183.1112145996584,197.5505200957067,212.5305412155082,227.24999344129424,231.66001467946435,2,2,2,2,2,dream_agent,-7.3606195,1921
183.265042679187,197.7226114778948,212.62667360537316,227.42229899958076,232.10682870168134,2,2,2,2,2,dream_agent,-7.1785164,1922
183.48138257714962,197.53395204753195,212.57813655452966,228.127663141996,231.81613524947673,2,2,2,1,2,dream_agent,-7.3290415,1923
183.46908185271698,197.55706015686965,213.1045185011532,228.31080101013,231.78545170490827,2,2,2,2,2,dream_agent,-7.1746254,1924
183.13747871307606,197.32563078292083,212.73419883274005,228.2309141062529,232.03360606656622,2,2,2,2,2,dream_agent,-7.1394053,1925
183.09240012890854,197.57520726545232,212.47983164014403,227.97411066060494,231.60478347956308,2,2,2,2,2,dream_agent,-7.007637,1926
182.75057026994673,197.67275399428712,212.51990900714284,228.07597226550223,231.8328076727345,2,2,2,2,2,dream_agent,-6.8823943,1927
182.6826417735612,197.45838972549612,212.55395991917499,227.4247262182854,231.84963559038147,2,2,2,2,2,dream_agent,-6.6961246,1928
182.34105434977872,197.30837976827874,211.93468570113035,227.58710553387834,231.53902486708958,2,2,2,2,2,dream_agent,-6.9493246,1929
182.8660705751245,198.2508974506853,212.52189352650228,227.55899862125727,231.91754910551774,2,1,2,2,2,dream_agent,-7.193082,1930
183.18487412461377,198.29073652799664,212.39391840274007,227.3914911401057,231.52025106931995,1,2,2,2,2,dream_agent,-6.8347797,1931
183.19710286718816,198.74244966567545,212.51494121854256,227.42631239476606,231.692900015396,2,2,2,2,2,dream_agent,-6.3791733,1932
182.73000514049707,198.59012328925698,212.04963367383988,228.17070608853007,231.76134480129463,2,2,2,1,2,dream_agent,-6.225853,1933
183.29106114610815,198.5748475575097,212.31350230199905,228.42041042121838,231.70051945026512,2,2,2,2,2,dream_agent,-5.7039824,1934
182.64344889536736,198.69993202063125,212.45205304452804,228.24862390831242,231.49820153122326,2,2,2,2,2,dream_agent,-5.573065,1935
182.82912837933515,198.6339824664784,212.78759211900768,228.05226772065404,231.20623344609106,2,2,2,2,2,dream_agent,-5.4531465,1936
183.214857394234,198.47349940483645,213.1920477648888,227.98402361824355,232.38256452447422,1,2,2,2,1,dream_agent,-5.631553,1937
183.34923274080285,198.13083297380606,212.90181838025643,227.73779352781708,232.38260496837916,2,2,2,2,2,dream_agent,-5.6567454,1938
182.8184104157669,198.1908519281621,213.22897860106977,228.11910847948116,232.88844073047662,2,2,2,2,2,dream_agent,-5.7500653,1939
183.1304318032637,198.2988508627068,212.87253411353666,227.47069531095056,232.85311025733003,2,2,2,2,2,dream_agent,-5.852257,1940
183.4006668905707,198.34137177236826,213.1077637959618,227.657938078717,232.54819590296788,2,2,2,2,2,dream_agent,-6.0435376,1941
182.90000488004148,197.80984211579863,213.00981084450555,228.10822796320352,232.2246943252278,2,2,2,1,2,dream_agent,-6.3152747,1942
183.10744933124354,198.35822084771527,212.89591189345393,228.09972675977085,232.73985541844263,2,2,2,2,2,dream_agent,-6.4373302,1943
182.19810812211094,197.8447219251685,213.01661711030073,228.70617423144554,232.52801807445462,2,2,2,2,2,dream_agent,-6.1461215,1944
182.43518857777892,198.02339707788576,213.16238690221485,228.0004606543104,232.73083076616632,2,2,2,2,2,dream_agent,-5.992937,1945
182.1175866298762,198.00199894616725,213.10916584484997,228.07238388874742,232.58855592880698,2,2,2,2,2,dream_agent,-5.7443256,1946
183.08017692269607,197.92606748206248,212.41442650566205,228.12557923747613,232.95656806131566,1,2,2,2,2,dream_agent,-5.7573824,1947
182.94181101048426,198.3995436706968,212.71072858532057,227.80025175448617,232.7051250024511,2,2,2,2,2,dream_agent,-5.538854,1948
184.13007157796335,198.06749501080233,212.93810234074687,227.99865596570646,232.8541659563717,2,2,2,2,2,dream_agent,-5.316875,1949
183.47397088811147,197.9032274290898,213.39511573178459,227.56669502694442,232.89721160839,2,2,2,2,2,dream_agent,-5.180836,1950
182.81127744295702,197.88175581768945,212.54099658908297,227.69994093609074,232.7062248530479,2,2,2,2,2,dream_agent,-5.1880326,1951
182.98265117030337,197.73801108909572,213.1605733821418,227.5699136509191,232.76723059063104,2,2,2,2,2,dream_agent,-5.289836,1952
183.1253916880855,198.02750980694955,213.00814898987954,227.50235930851966,232.59076709450952,2,2,2,2,2,dream_agent,-5.3576117,1953
182.80963531281157,197.6693017988435,212.82995633495267,226.94955427397693,232.1529333994857,2,2,2,2,2,dream_agent,-5.508287,1954
182.77180959889128,197.73501319803543,213.1446542300218,227.48665292466447,232.5226999472373,2,2,2,1,2,dream_agent,-5.901513,1955
182.60206758262535,197.55438989097266,212.92398866567612,227.9973447770088,232.17856704353596,2,2,2,2,2,dream_agent,-6.0720916,1956
182.89163041035584,197.63327463822475,213.06270605942237,228.19901218985234,232.39726784517396,2,2,2,2,2,dream_agent,-5.9345317,1957
182.58994182939787,197.64577744804822,212.56080348831986,227.78534348545307,232.6228268317985,2,2,2,2,2,dream_agent,-5.6726584,1958
182.3479558842326,197.38036919239198,212.75843006952368,228.07973422217947,232.52194381964426,2,2,2,2,2,dream_agent,-5.6064363,1959
182.88290879529006,197.59350677503156,212.63467407907146,227.4116321647667,232.47665449607587,1,2,2,2,2,dream_agent,-5.594653,1960
183.21082083010904,197.3926703342313,212.84457934051582,227.76694575430588,232.5740674775084,2,2,2,2,2,dream_agent,-5.5516324,1961
183.40653573163496,197.63956809075268,212.7772064059997,227.5966374465481,232.2608413174174,2,2,2,2,2,dream_agent,-5.6045055,1962
183.1855455889692,197.62200062010018,212.52984911114072,227.64524835892635,232.49560533547566,2,2,2,2,2,dream_agent,-5.8192677,1963
183.28526762512692,197.53714752984004,212.56455875110413,227.4907156914987,232.63105748577865,2,2,2,2,2,dream_agent,-6.1793985,1964
183.32653025133772,197.40435606557187,212.83531495601378,227.55814259170276,232.39341889446155,2,2,2,2,2,dream_agent,-6.6698093,1965
182.9569098034184,197.76321609501804,212.6339282988238,226.78915303514583,232.2473340588469,2,2,2,2,2,dream_agent,-7.0396376,1966
183.03524417375343,197.66562656525193,212.5173969114982,226.9803467195998,232.90117336888312,2,2,2,2,2,dream_agent,-7.153615,1967
182.72258718997165,197.65159686202966,212.83403568381246,227.6586808255391,232.53797014517963,2,2,2,1,2,dream_agent,-7.397606,1968
182.57245462500742,197.47469981144997,212.47841684565682,227.95262663529252,232.33305607960577,2,2,2,2,2,dream_agent,-7.133834,1969
182.7470857073588,197.80067123251723,212.88495146108122,227.92170011574675,232.35919662519768,2,2,2,2,2,dream_agent,-6.8069167,1970
182.63647297174828,197.93258436942094,213.09199677902694,227.94856942217632,232.30911907611053,2,2,2,2,2,dream_agent,-6.71305,1971
182.59238075381143,198.03091028032216,213.32869751204507,227.55910679301496,231.8988210809103,2,2,2,2,2,dream_agent,-6.7758036,1972
183.0353411679377,197.6536148041641,213.2618044141436,227.51478683312183,232.36159714648687,1,2,2,2,2,dream_agent,-6.7913084,1973
183.80141873360645,197.56447981039585,213.3865639365275,227.29960312390418,232.1855507983441,2,2,2,2,2,dream_agent,-6.9502873,1974
183.47330521286656,197.68312700448357,213.27728193109743,227.59713851825603,231.67963649963264,2,2,2,2,2,dream_agent,-6.9068913,1975
183.49755207563655,197.17837447405097,213.0152186671402,227.9604283527594,232.20384701459625,2,2,2,1,2,dream_agent,-6.9727182,1976
183.41753963637493,197.6094559680119,212.77351992733628,228.45329250222156,231.70651457443032,2,2,2,2,2,dream_agent,-6.73651,1977
183.31093611064136,197.52339099744978,212.88579439906664,228.28307892659706,232.04916888601443,2,2,2,2,2,dream_agent,-6.6344595,1978
182.97184831354858,197.52217573827247,212.66784554590362,227.94297044101128,231.6833522937808,2,2,2,2,2,dream_agent,-6.6053357,1979
182.69650452804805,197.37815402210595,213.05230354855877,228.20775641853697,231.71436457849973,2,2,2,2,2,dream_agent,-6.4759135,1980
183.23176760025666,197.41951042322157,213.24141052197487,227.6293466040187,231.4886023599662,2,2,2,2,2,dream_agent,-6.620075,1981
182.7719558658932,197.24020630621138,213.0533179457437,227.60236492798612,231.90272663861907,2,2,2,2,2,dream_agent,-6.864128,1982
183.2600106389949,197.43321935277905,212.7748865913888,227.55201442278346,231.8311311551079,2,2,2,2,2,dream_agent,-6.86937,1983
182.7716046323555,197.39943240924586,213.01719275097645,227.6612901852272,231.71694990678265,2,2,2,2,2,dream_agent,-6.836315,1984
182.73061253504906,197.45967077593843,212.95394588790538,227.57600968856465,231.84587698045618,2,2,2,2,2,dream_agent,-6.9400544,1985
182.57605759012407,197.0380515237089,212.94036616573894,228.1514381862138,231.70727622152316,2,2,2,1,2,dream_agent,-6.9789133,1986
182.791448322178,197.21520668526023,212.92732171349897,228.45506210766203,231.7458045463428,2,2,2,2,2,dream_agent,-6.878524,1987
182.70196516376967,197.58649527316672,212.83155009482286,228.56103769719874,231.28818034030058,2,2,2,2,2,dream_agent,-6.5871778,1988
182.37639857643018,198.1310393413701,212.87514771482287,228.5970118214769,231.4465801632268,2,1,2,2,2,dream_agent,-6.4711685,1989
182.48574517412405,198.46430249886401,212.57800736170526,227.99895083695046,231.458449017315,2,2,2,2,2,dream_agent,-6.291531,1990
182.72678619081353,198.5281969504648,212.8836023625723,228.18434872626858,231.19704085464394,1,2,2,2,2,dream_agent,-6.2491894,1991
182.96618423799967,198.16605729482472,212.71803091878422,228.26366919243432,231.28133957602563,2,2,2,2,2,dream_agent,-6.069328,1992
182.80285060411003,198.32627885921053,213.09118434099776,227.86516366526646,232.2474334851503,2,2,2,2,1,dream_agent,-6.275239,1993
182.88984075546816,198.5498935246336,212.44595892647817,227.3651243090307,232.17399943590542,2,2,2,2,2,dream_agent,-6.2552533,1994
182.58995242932622,198.59648731729584,213.03937799071645,227.9054858990179,232.36976648553127,2,2,2,2,2,dream_agent,-6.2726727,1995
182.927775404974,198.12643458365855,212.5227019585469,227.2331927739876,232.50466126293813,2,2,2,2,2,dream_agent,-6.1103387,1996
182.52145547692902,198.44686781225866,212.5768245210604,228.519091061562,232.54242438027035,2,2,2,1,2,dream_agent,-5.9029603,1997
182.35421797191853,198.22211452297765,212.14714138852634,228.2165012968832,231.91667469417186,2,2,2,2,2,dream_agent,-5.6650896,1998
182.35431933676762,198.53148953620533,212.3332927684026,228.000916034312,232.37170802043875,2,2,2,2,2,dream_agent,-5.4261756,1999
182.40380634190285,198.24783650759443,212.24357063322427,228.5485648630635,232.17944913927235,1,2,2,2,2,dream_agent,-5.551625,2000
182.70932845099563,197.94228504826975,212.04596912987782,227.97814167457477,232.39089659603172,2,2,2,2,2,dream_agent,-5.791044,2001
182.70384261053366,198.09739479967828,212.45335274407034,228.10040900611776,232.22801245915272,2,2,2,2,2,dream_agent,-6.2204957,2002
182.69622915535112,198.04136739852768,212.02204448686572,227.68270715190954,232.45927478295968,2,2,2,2,2,dream_agent,-6.691674,2003
182.3049182459061,197.98750770067426,212.16829844518162,227.6215757369996,232.37122796874488,2,2,2,2,2,dream_agent,-6.9878044,2004
182.79080272581376,197.59085262519307,212.444855744939,227.6923888085532,232.10014113085316,2,2,2,2,2,dream_agent,-7.111805,2005
182.36339937543954,197.63510242420426,212.50354367139045,227.45988603937624,232.1157068132792,2,2,2,2,2,dream_agent,-7.4072495,2006
183.11573796084906,197.61359776415446,212.60284009051708,227.32413098551496,232.35615216869792,1,2,2,2,2,dream_agent,-7.5995865,2007
183.13353907346033,197.9833915511549,212.15054001058337,228.05671297963343,232.09588084594654,2,2,2,1,2,dream_agent,-7.626031,2008
182.86090867456716,197.29173399820067,212.25508435053334,228.23366378793625,231.90608724395335,2,2,2,2,2,dream_agent,-7.40082,2009
182.77892260374276,197.24062612510463,211.95668745546632,228.17301628003506,231.89382783030732,2,2,2,2,2,dream_agent,-6.9925094,2010
183.15219649148065,197.45275611221714,212.1911950876689,228.0449958207548,231.60535773269925,2,2,2,2,2,dream_agent,-6.6992846,2011
183.02307851398294,197.44093525662942,212.25132343072167,227.953282270055,231.88780099646647,2,2,2,2,2,dream_agent,-6.154898,2012
182.67590195949123,196.89828481434836,212.02339743076604,227.88483567415716,231.8472309044679,2,2,2,2,2,dream_agent,-6.087054,2013
182.63874437818956,196.62793440893972,211.8976239586852,227.37399330778987,231.46475036336923,2,2,2,2,2,dream_agent,-5.8690286,2014
182.68490130015235,197.83430605473745,212.68338201374848,227.73138578922882,231.90091866402796,2,1,1,2,2,dream_agent,-5.959202,2015
182.25392357013243,197.95254325069098,213.40273298874757,227.79398217060952,231.13396309164216,2,2,2,2,2,dream_agent,-5.527306,2016
182.3218949604977,198.09633370942475,213.73712292521907,227.52196704931137,232.67287482946625,1,2,2,2,1,dream_agent,-5.2072906,2017
182.86470992261587,198.3509716708313,213.08095052396257,227.22934302038516,232.05843253935492,2,2,2,2,2,dream_agent,-5.0044594,2018
183.1045372443391,198.06393287887582,213.63439703243608,227.88516635257926,232.45100642659742,2,2,2,1,2,dream_agent,-5.275368,2019
183.03545160677234,198.09172856540656,213.15228131075415,228.5461458526956,232.22062364106435,2,2,2,2,2,dream_agent,-5.614045,2020
182.9903550084158,197.93851936560043,213.10536028351206,228.60320957047972,232.21949060237347,2,2,2,2,2,dream_agent,-5.931698,2021
182.6676189921076,198.01146081075538,212.90220440649395,228.6481361705555,232.09464367333456,2,2,2,2,2,dream_agent,-5.968797,2022
182.33689741865396,198.01590160555753,213.454790623761,228.02757095863254,231.852919085843,2,2,2,2,2,dream_agent,-6.000759,2023
183.05764311198138,197.64019842840318,213.29021946823644,228.41835489023188,232.36346447525284,1,2,2,2,2,dream_agent,-6.1631694,2024
183.33502055354643,197.9996901697185,213.50438321727222,227.90049456193117,231.815157670576,2,2,2,2,2,dream_agent,-6.0595655,2025
183.44133205736264,197.91503948451174,213.2230659632763,227.79414919820206,231.58545513434046,2,2,2,2,2,dream_agent,-5.913723,2026
182.94356775737035,197.53103065805664,212.9301416962348,227.80093626138108,231.51399154499313,2,2,2,2,2,dream_agent,-5.9650793,2027
182.90908678793988,197.72319784792109,213.28939162506958,227.6385728938759,231.71232844868732,2,2,2,2,2,dream_agent,-5.9117503,2028
182.84637578679624,197.43455690044124,212.77838394902474,227.1660154312507,231.5340093709023,2,2,2,2,2,dream_agent,-5.9058995,2029
182.98211460344254,197.5349762564348,212.6807568769434,228.1824544568765,231.63107057194796,2,2,2,1,2,dream_agent,-5.9065895,2030
182.95363688116825,197.80119863621323,212.9506405562031,228.08312607899782,232.25831255686612,2,2,2,2,2,dream_agent,-5.5065093,2031
183.05480480738564,197.60483834300356,212.62664455675096,228.31773964158225,231.69993964343635,2,2,2,2,2,dream_agent,-5.349991,2032
182.77279112430696,197.18932291809404,212.78052574475834,228.22960694407243,231.47395275354057,2,2,2,2,2,dream_agent,-5.551708,2033
182.78189586311228,197.177124648241,212.38957348106842,228.29821823534155,231.51630111194675,2,2,2,2,2,dream_agent,-5.6718574,2034
182.75095235827513,197.1600572588721,212.84657506303972,227.8628262871144,231.5685625567999,2,2,2,2,2,dream_agent,-5.9497733,2035
182.44836340260565,197.41347277148463,212.94067214380814,227.66641221741543,231.14472343838983,2,2,2,2,2,dream_agent,-6.021972,2036
182.40869065476318,197.67839025321328,213.1497802302678,227.50272986056981,231.9928825564768,2,2,2,2,1,dream_agent,-6.374866,2037
182.7690304946176,197.4097905390178,212.91846890556877,227.67910444164258,232.35083965356213,2,2,2,2,2,dream_agent,-6.359404,2038
182.1610601162875,196.9957884326452,212.67388757472008,227.9318044758937,232.35535833727573,2,2,2,2,2,dream_agent,-6.475958,2039
181.9363447317323,197.6956579794186,212.7494365639991,227.61829808261243,232.06053215348504,2,2,2,2,2,dream_agent,-6.443496,2040
182.37734110545165,197.0099667865514,212.8695246750858,227.68427679828102,231.98468633202737,1,2,2,2,2,dream_agent,-6.5638623,2041
182.7667517387955,196.7407291311616,212.7461386953099,227.59440796188215,232.19610534960594,2,2,2,2,2,dream_agent,-6.7101083,2042
182.98247535723348,197.41238852732403,212.81958071601247,227.59935192908898,232.308607220825,2,2,2,2,2,dream_agent,-6.868406,2043
182.7010692751356,197.41493518319717,212.57299441306097,227.2818339312945,231.7850287879618,2,2,2,2,2,dream_agent,-6.9298763,2044
182.27561998276107,196.7905816928618,212.85620862881646,228.15188011497887,231.8236528410205,2,2,2,1,2,dream_agent,-6.7769513,2045
182.50075812923066,198.1894058268168,212.48186001895513,228.16249916881952,231.93740087578718,2,1,2,2,2,dream_agent,-6.4994802,2046
182.93994708382053,198.15950427949477,212.69429867484797,228.72545341850366,231.92662827853513,1,2,2,2,2,dream_agent,-6.049379,2047
183.54225564471164,198.3848712809133,212.7948009984587,228.44092745470385,232.0619517127995,2,2,2,2,2,dream_agent,-5.688446,2048
183.34329425819317,198.65527127872244,212.09054336354214,228.59552981574265,231.49618033045775,2,2,2,2,2,dream_agent,-5.586202,2049
183.14305906573392,198.49178708369666,212.4877545000007,228.830466262753,231.46810433801693,2,2,2,2,2,dream_agent,-5.563445,2050
183.13105220763032,198.923528627651,212.27998443338092,228.07714118845698,231.15399263985074,2,2,2,2,2,dream_agent,-5.7119694,2051
183.45176297311116,198.47314069654138,212.58138001583535,228.23069772195532,231.80421052656922,2,2,2,2,1,dream_agent,-6.0979013,2052
183.08901109511297,198.5607328387288,212.54250251716527,227.9447862254009,231.9707894976996,2,2,2,2,2,dream_agent,-6.459489,2053
182.6029588541005,198.5631173905012,212.5796391534531,227.72607602778916,231.9049243912991,2,2,2,2,2,dream_agent,-6.6802707,2054
183.0826340394998,198.47824653574904,212.16603313343285,227.92853539995127,232.21910079143458,2,2,2,2,2,dream_agent,-6.8565454,2055
182.8072341291527,198.5211257846517,212.2712900971545,227.45306945322417,231.33780327498346,2,2,2,2,2,dream_agent,-7.0152197,2056
183.30231534030673,198.53814149568524,212.61357408668445,227.41273758327807,231.80763993301352,2,2,2,2,2,dream_agent,-7.0085096,2057
182.11517745653478,198.54411855447358,212.21935049349585,227.6120316996832,231.1218089661436,2,2,2,2,2,dream_agent,-6.7974186,2058
182.34675633631977,198.62925116751092,212.83499278263832,227.56397129848364,231.48962342552497,2,2,2,2,2,dream_agent,-6.6604104,2059
182.9768540175647,198.12557002013574,212.6194427221826,227.3287973602775,231.15868661088734,1,2,2,2,2,dream_agent,-6.732372,2060
183.1845096139446,198.14352764522297,212.51705106760525,227.81451493401644,232.52894645990335,2,2,2,1,1,dream_agent,-6.87058,2061
183.25770114654728,198.49817982292205,211.96330528108123,228.3072705102554,232.07005251274498,2,2,2,2,2,dream_agent,-6.400336,2062
182.78425229129843,198.5797748947689,212.2289897213794,227.91947173674097,232.02226480189208,2,2,2,2,2,dream_agent,-6.054074,2063
182.68177126999603,198.07087418575583,212.3108336483644,227.86809319948668,231.87307492815196,2,2,2,2,2,dream_agent,-5.931283,2064
182.9058881252329,198.59968873129523,212.47958396738323,227.90194800602657,232.0096855076168,2,2,2,2,2,dream_agent,-6.065617,2065
183.48719754911534,198.30094688346554,212.40953403518282,227.52934895920583,232.34749381278908,1,2,2,2,2,dream_agent,-6.136964,2066
183.47898224662623,197.95016063612627,212.3460049283858,228.07510110427089,232.25928949180505,2,2,2,2,2,dream_agent,-6.1876245,2067
183.83724212619802,198.51328960174905,212.45151953864448,227.77869276548157,232.1161514146893,2,2,2,2,2,dream_agent,-6.105369,2068
183.31297058880887,198.25528329359062,212.2880161307935,227.84349855003234,231.8973668608042,2,2,2,2,2,dream_agent,-6.1008043,2069
183.54844097099704,198.3486711137421,212.4181734461469,227.59803563573774,231.5162019396679,2,2,2,2,2,dream_agent,-6.1207294,2070
183.43092615912533,198.2548588295508,212.34955271251368,227.78261127330606,231.77215991237745,2,2,2,2,2,dream_agent,-6.1466923,2071
183.3188481647021,198.00002801684056,212.14476237385347,227.55887041755767,231.4652916893362,2,2,2,2,2,dream_agent,-5.9233775,2072
183.08424777220262,197.94995807232215,212.48131948449216,227.87533435784258,232.00145418315785,2,2,2,1,2,dream_agent,-5.973987,2073
182.77359366017512,197.92694403620368,211.98444406381674,228.22399624074498,232.00210032580557,2,2,2,2,2,dream_agent,-5.6634727,2074
183.1348950023192,198.42739067016754,212.70493984598198,228.32498866719297,231.66097327454986,2,2,2,2,2,dream_agent,-5.5887384,2075
183.0377640784395,197.97145664180997,212.22295838149827,227.64457402461127,231.55108916920332,2,2,2,2,2,dream_agent,-5.48561,2076
183.0367067615604,198.48920712925997,212.52140863448577,227.8634913238619,231.9828212284726,2,2,2,2,2,dream_agent,-5.7538266,2077
182.79648694263557,198.00928573365348,212.58187037841145,227.41221875110529,231.49757291843193,2,2,2,2,2,dream_agent,-6.0422673,2078
182.64688759325327,197.89656854447418,213.0238673451215,227.80387546269026,231.5349205652063,2,2,2,2,2,dream_agent,-6.388058,2079
182.94419433750758,197.6632577234997,212.66350938272484,227.4907303904213,231.92949352605115,2,2,2,2,2,dream_agent,-7.0635004,2080
182.832360668916,197.72679082865614,212.47062841902857,227.55048210577283,231.80485184417995,2,2,2,2,2,dream_agent,-7.437869,2081
182.5956088133579,197.80528483336968,212.41671168163998,227.56557910302985,231.80835161766836,2,2,2,2,2,dream_agent,-7.689889,2082
182.30542719335403,197.90576814213645,212.34360911949994,227.06142285493135,231.42426731146793,2,2,2,2,2,dream_agent,-7.816475,2083
182.52036117594065,197.93378883445862,212.13985430570162,227.84649480634295,232.22154515042592,2,2,2,1,1,dream_agent,-8.093543,2084
182.30575844270805,197.98447235656016,212.0949511295155,227.87384727712399,232.10535561876065,2,2,2,2,2,dream_agent,-7.765377,2085
182.1087582562874,197.52620646705873,212.3614314550877,228.37349364226287,232.81258884589022,2,2,2,2,2,dream_agent,-7.5229616,2086
183.21532059852152,197.55397482537725,212.8542674241148,227.92264212730416,232.74395485412697,1,2,1,2,2,dream_agent,-7.606679,2087
183.22186474171346,197.37997082591014,213.82016636781847,228.2015355864335,232.6038062860342,2,2,2,2,2,dream_agent,-7.020767,2088
183.2438615506011,197.75337876278243,213.61449643728943,227.8370928300522,232.00953820435896,2,2,2,2,2,dream_agent,-6.826022,2089
183.6165137877995,197.8637399563087,213.83282009982537,228.1409961187566,232.27408057324877,2,2,2,2,2,dream_agent,-6.8406343,2090
182.7646100761188,197.65035886491103,213.696679105969,228.28154325526876,232.05559816110366,2,2,2,2,2,dream_agent,-6.7424364,2091
183.27006350130156,197.69080607108802,213.6930601363736,227.8968127154746,231.8896393832102,2,2,2,2,2,dream_agent,-6.65601,2092
182.9721538495548,197.72365971337632,214.19835298121572,228.31248131946006,232.0902986341321,2,2,2,2,2,dream_agent,-6.6990867,2093
182.91823390487033,197.91650133105443,214.21778082229238,227.8693681601162,232.1999251853594,2,2,2,2,2,dream_agent,-6.6897197,2094
182.30038688387577,197.54913416511448,213.8430910755224,227.37247015498255,231.9500604432885,2,2,2,2,2,dream_agent,-6.6802654,2095
182.46642626802242,197.81315638487453,213.90104812019595,227.13779268138745,231.8506018796339,2,2,2,2,2,dream_agent,-6.7877703,2096
182.31921243964578,197.40269139197835,214.09966302480044,227.7376064165329,231.5509018812435,2,2,2,1,2,dream_agent,-7.064189,2097
182.80153017835474,197.68839939964175,213.89918496508812,228.27470280628407,232.05848307443574,1,2,2,2,2,dream_agent,-7.111973,2098
183.17493556829726,197.8140711224207,213.78216674524094,228.52791909249476,231.76492722513925,2,2,2,2,2,dream_agent,-6.9335866,2099
183.73002478836986,197.8371708429708,214.07590112696113,228.35752108577285,231.592830071299,2,2,2,2,2,dream_agent,-6.6968365,2100
182.95796008076965,197.44210128715295,213.62293793480856,228.38183680082372,231.64276743549405,2,2,2,2,2,dream_agent,-6.703218,2101
183.06648217206867,197.8014033748144,213.69430833303196,228.4773716837818,231.37259481371186,2,2,2,2,2,dream_agent,-6.8784823,2102
183.1756967788476,197.79698438156186,214.08225860694685,228.37048351929067,231.60581459473565,2,2,2,2,2,dream_agent,-6.870192,2103
182.60288273493742,197.9995262584976,213.61425568311773,227.9032603056947,231.61721058238524,2,2,2,2,2,dream_agent,-6.8861012,2104
182.8714072727929,197.7151491498253,214.08050597255817,227.71397322678894,231.53949961310633,2,2,2,2,2,dream_agent,-6.9603496,2105
182.4885361257922,197.4475859035189,213.61677925530017,227.96625089948347,232.27270811600698,2,2,2,2,1,dream_agent,-7.0642385,2106
182.63711162820496,197.62531383332657,213.75681722455317,227.23217844837615,232.80640671600707,2,2,2,2,2,dream_agent,-7.0391407,2107
182.59880114088202,197.4704587886808,213.85857939288192,227.49363851219772,232.584967303925,2,2,2,2,2,dream_agent,-7.1149206,2108
183.05888701117652,197.5580570995606,214.0670798358548,227.98224793602822,232.54911467386282,1,2,2,1,2,dream_agent,-7.167507,2109
183.41124564851043,197.64667043673248,213.98216631362104,228.3043346810434,232.3224642063507,2,2,2,2,2,dream_agent,-6.9220324,2110
183.66707351065745,197.23962288719673,213.53734001051438,228.58019432553186,231.69722513759996,2,2,2,2,2,dream_agent,-6.7946897,2111
183.50434666809554,197.4278459311657,213.63165757712324,228.39431348670163,231.70138305879618,2,2,2,2,2,dream_agent,-6.6114836,2112
182.99502714174753,197.63166733648234,213.73169092506316,228.56057001283818,231.98074747295658,2,2,2,2,2,dream_agent,-6.2983384,2113
182.74729408114644,197.11983127512275,213.67174389106472,228.24333493100954,231.76390991937487,2,2,2,2,2,dream_agent,-5.880309,2114
182.96431345360202,197.0821980292435,213.69195672844404,228.60402285645253,231.6720032918284,2,2,2,2,2,dream_agent,-5.6514826,2115
182.71582489652252,197.96510510456875,213.2192217396895,227.98890660002274,231.8441076731214,2,1,2,2,2,dream_agent,-5.7059174,2116
182.95431722527067,198.67270083361444,213.7715757139732,227.77301823999372,232.0424177187209,2,2,2,2,2,dream_agent,-5.7348022,2117
182.47444381085535,198.886465117772,213.11108281456572,227.74573013756873,231.75705240163708,2,2,2,2,2,dream_agent,-5.7762833,2118
182.81577852417126,198.55481129880073,213.56991799702908,227.74850235260206,231.35991902607987,2,2,2,2,2,dream_agent,-5.6443334,2119
183.2653547187262,198.62258258276015,213.61107682213307,227.63946256359486,231.94206481726678,1,2,2,2,2,dream_agent,-5.840017,2120
183.4983616463546,198.9098528259252,213.6382362108028,227.84808170647517,231.85678673941422,2,2,2,2,2,dream_agent,-5.8002024,2121
183.20677934568968,198.45965874693164,213.43154926970467,227.73359433796506,232.12715340136975,2,2,2,2,2,dream_agent,-5.6549325,2122
183.56105273440926,198.85034092339185,213.60192209424707,228.3420091137762,231.8356015633723,2,2,2,1,2,dream_agent,-5.5183454,2123
183.6776885404956,198.63710229872314,213.36366112481144,228.3539880693891,231.81140313399854,2,2,2,2,2,dream_agent,-5.4014196,2124
183.11564486545748,198.7986395663774,213.5310001657776,228.48651026294743,231.859222600982,2,2,2,2,2,dream_agent,-5.4456716,2125
183.0295761308112,198.99083030340188,213.2419331416852,228.48585242298458,232.06224543736752,2,2,2,2,2,dream_agent,-5.657512,2126
183.00307845737157,199.0844007499568,213.41777079924933,228.38282756240716,231.85344834989388,2,2,2,2,2,dream_agent,-5.8497996,2127
182.81954934651006,198.55529902115916,213.51386303797557,228.15216661496584,231.71983574232343,2,2,2,2,2,dream_agent,-6.0497746,2128
183.15120390807886,198.99563240638452,213.95175638439287,228.22179241783448,231.865174950689,2,2,2,2,2,dream_agent,-6.2094374,2129
182.3451469455733,198.6682547089581,213.53040631573833,227.93577577858358,231.5373305135305,2,2,2,2,2,dream_agent,-6.4253016,2130
182.6938547637883,198.82287741652928,213.78992403866434,227.9009969453401,231.88798254899112,2,2,2,2,2,dream_agent,-6.6577973,2131
182.50351838392012,198.0754082133893,213.58449010653047,227.61505815172973,231.48911448220065,2,2,2,2,2,dream_agent,-7.0168505,2132
183.26592559097492,198.72569233189762,213.02949614016572,227.59853403124617,231.69635588535027,1,2,2,2,2,dream_agent,-7.7654333,2133
183.22346716284963,198.66670855257735,213.4090484029922,227.61556537036176,231.13616860660852,2,2,2,2,2,dream_agent,-7.885763,2134
183.28629321544807,198.78763734832498,213.05738028248228,227.7551850743788,231.69296731491897,2,2,2,2,1,dream_agent,-7.8678675,2135
183.5717218046581,198.6038387944575,212.96769395544732,228.026182527585,232.57052523439546,2,2,2,1,2,dream_agent,-7.6745214,2136
182.75436415519587,198.3079581297747,212.93619155924404,228.23534657421678,232.2873042779432,2,2,2,2,2,dream_agent,-7.325573,2137
182.87216016226267,198.75313716446138,212.9382598002775,228.57256241630645,232.2155065521418,2,2,2,2,2,dream_agent,-7.143382,2138
182.7737303024797,198.48439404844103,213.3263565164635,227.95481221752243,232.31691533931988,2,2,2,2,2,dream_agent,-7.1076164,2139
182.8472346109328,198.62089067119652,212.22257485762626,228.27050146360364,232.01341128489202,2,2,2,2,2,dream_agent,-6.7821817,2140
182.60927562579508,198.3881709845713,213.10941041198166,228.2516576358742,231.62840227803036,2,2,2,2,2,dream_agent,-6.5327373,2141
183.06193117753986,198.59075530552735,213.36920353085966,228.1133487538985,232.01439909839618,2,2,2,2,2,dream_agent,-6.4626517,2142
182.45942106243024,198.4266915721419,212.84304567327516,227.92049141862768,231.91408791040598,2,2,2,2,2,dream_agent,-6.2666497,2143
182.2298232484169,198.3728138695531,213.1340842876259,227.46026386015245,231.80942522416998,2,2,2,2,2,dream_agent,-5.9850154,2144
182.5760330149344,198.28900496891524,213.1332501633293,227.60937091743793,232.38590702545656,1,2,2,2,2,dream_agent,-5.7397537,2145
183.40245481542726,198.85768058303708,213.3883397092708,227.4037174071508,232.2496104116719,2,2,2,2,2,dream_agent,-5.593549,2146
183.36711984723277,198.13047082821302,213.3621168455918,228.38108643233724,232.0480409690128,2,2,2,1,2,dream_agent,-5.627073,2147
182.85498637244152,198.60499781757028,213.0226832959456,228.6797033913814,231.80517725102496,2,2,2,2,2,dream_agent,-5.6739497,2148
183.02088487689127,198.8907203286455,213.16455576440583,228.28991267586386,232.4573129063711,2,2,2,2,2,dream_agent,-5.850874,2149
182.73241063732215,198.59096464481613,212.90961019121318,228.35630688631292,232.03427581898566,2,2,2,2,2,dream_agent,-6.140548,2150
182.42652265124224,198.71284883311316,212.94572321545996,228.35022110584893,232.0216236491988,2,2,2,2,2,dream_agent,-6.2189965,2151
182.68909814747076,198.52861227538241,213.0436786869527,228.0295263476736,231.8608020088754,2,2,2,2,2,dream_agent,-6.4943714,2152
182.15218877493336,198.5294664123118,212.5173523334221,228.0507005366972,231.93314612430854,2,2,2,2,2,dream_agent,-6.479488,2153
183.42306829010266,198.11677788473986,212.8175391423598,228.1176060092638,231.72690615350282,1,2,2,2,2,dream_agent,-6.5599284,2154
183.38836622333397,198.36945385737303,212.92791199234964,227.78028506448084,231.73275590104714,2,2,2,2,2,dream_agent,-6.5637164,2155
183.2884660984064,198.18937828668538,212.90080813604982,227.7464571951202,232.05791260964904,2,2,2,2,2,dream_agent,-6.729636,2156
183.14331718305127,198.27445971650147,212.7574973252612,227.68172355497705,231.23405529894308,2,2,2,2,2,dream_agent,-6.8413053,2157
182.99437823101684,197.97513440478428,212.69740355722095,227.74223477392485,231.62541207504466,2,2,2,2,2,dream_agent,-6.6886525,2158
182.43448187585196,197.9945010790714,212.62969535340753,227.54377162903901,231.75309611674206,2,2,2,2,2,dream_agent,-6.3860135,2159
183.01754536808988,198.1214610326039,212.85512940661343,227.88001564849895,231.22458646764903,2,2,2,1,2,dream_agent,-6.1672764,2160
182.4798409661597,198.0594847499712,212.4487953769761,228.79420270376355,231.54484865437146,2,2,2,2,2,dream_agent,-5.7613072,2161
182.57438887601796,198.00230771645687,212.70268553664243,228.66865948174373,231.59339877871588,2,2,2,2,2,dream_agent,-5.366991,2162
181.90721879651787,198.03587179906634,212.64997774179412,228.61969202268637,232.38594141374952,2,2,2,2,1,dream_agent,-5.0446653,2163
182.9746471118802,197.71119545637004,212.9404688025025,228.25101435264114,232.20614327018484,1,2,2,2,2,dream_agent,-5.1014643,2164
183.09355778461799,198.15186872690205,213.18525484674657,228.45644350236245,232.4984535274021,2,2,2,2,2,dream_agent,-5.0405545,2165
183.210422825218,198.1467090616712,212.20346961114544,228.20238231253808,232.6610419630376,2,2,2,2,2,dream_agent,-5.2816463,2166
182.89618207017796,198.44654580220237,212.33459303113136,228.54424308503815,232.2943883864321,2,2,2,2,2,dream_agent,-5.6197586,2167
183.03950992895125,198.42680508824301,212.5706523645265,228.1607865144181,231.72649712891777,2,2,2,2,2,dream_agent,-5.909698,2168
182.38490232468865,197.79708474600238,212.94240463770302,228.14726457511722,232.2441574582187,2,2,2,2,2,dream_agent,-5.860885,2169
182.31325333698481,198.23434821684887,212.60410550103788,228.04963283582302,231.65533499472411,2,2,2,2,2,dream_agent,-5.8478565,2170
183.05314077936688,197.96226140424062,213.20724542013602,227.74230632664037,232.15571941563022,1,2,2,2,2,dream_agent,-6.37689,2171
183.38350654667514,198.1753342742961,213.1581778195698,227.92782549035513,231.83147839256424,2,2,2,2,2,dream_agent,-6.61362,2172
183.3348040150644,197.73016586587283,212.60575113398093,227.69080460256126,231.78283183257327,2,2,2,2,2,dream_agent,-6.7693048,2173
183.388465349661,197.7913081794752,213.12726741626153,227.76266855850662,231.47307424212826,2,2,2,2,2,dream_agent,-6.538019,2174
183.2385209052368,198.66609977484134,212.852332957385,227.7693175594958,231.6261189470292,2,2,2,2,2,dream_agent,-6.3655143,2175
183.3611884048742,197.74219961941714,213.01413905119387,227.48484264994082,231.9364813917753,2,2,2,2,2,dream_agent,-6.367481,2176
182.61673087147557,197.96316986910213,212.84374435685308,228.42147550110198,231.71155026177829,2,2,2,1,2,dream_agent,-6.315962,2177
183.04782400504845,198.226660766106,212.78417527704727,228.84983340702945,231.99312251066308,2,2,2,2,2,dream_agent,-6.037363,2178
182.8154851265262,198.0797642597295,212.89943431716998,228.537931774102,231.48134782975856,2,2,2,2,2,dream_agent,-5.7856708,2179
183.17613805829174,198.14201905720788,212.49688831767403,228.9115120544299,231.6664587998463,2,2,2,2,2,dream_agent,-5.776369,2180
182.83288102108352,198.3223690853713,212.72432657763756,228.75650222781238,231.44757378947077,2,2,2,2,2,dream_agent,-5.699702,2181
182.54300843590863,198.08638631054302,212.698384387786,228.39475844166606,231.79567035941676,2,2,2,2,2,dream_agent,-5.670739,2182
182.3276576544125,198.13942407595863,212.9991999604914,228.63748952378324,231.80141284345245,2,2,2,2,2,dream_agent,-5.525971,2183
183.13187796941995,197.9388347633506,212.700910222838,228.4156865758171,231.3599853251686,1,2,2,2,2,dream_agent,-5.5322313,2184
183.03264931244348,198.21936449335607,212.57962123376004,228.3456689325769,231.80548463287357,2,2,2,2,2,dream_agent,-5.38765,2185
183.4126571062233,198.42509083748982,212.4965865205587,227.8412339880564,232.194922539628,2,2,2,2,2,dream_agent,-5.755868,2186
183.00776502288417,198.04413918977588,212.7574076054117,228.081879234549,231.809391369693,2,2,2,2,2,dream_agent,-6.0004387,2187
183.0579196417364,197.89078714683552,212.6240959994551,227.96403182922185,231.8477653111201,2,2,2,2,2,dream_agent,-6.219512,2188
182.67283960538649,197.94896079323948,212.49124989218498,227.69221629436046,231.51609812621703,2,2,2,2,2,dream_agent,-6.515113,2189
182.68569137892254,198.33425175317225,213.23723936936892,227.83856174633584,231.70356789195748,2,2,2,2,2,dream_agent,-6.5608478,2190
182.5882236659217,198.03072309307498,212.84502812695237,228.00185694022713,231.67074749708192,2,2,2,2,2,dream_agent,-6.6176176,2191
182.97340192787416,198.3184006833101,213.18186054714016,227.5330446301987,231.95411553758214,2,2,2,2,2,dream_agent,-6.575118,2192
182.5580330910024,198.17493015348072,213.34858491656496,227.42268006658153,231.96538542659863,2,2,2,2,2,dream_agent,-6.6240025,2193
183.44420600330338,197.9185739733962,212.95617756796628,227.55464183931747,231.6712399148704,1,2,2,2,2,dream_agent,-6.7854404,2194
183.88562095692674,198.13872786733387,212.95237050486122,228.17656648015478,231.22647300506628,2,2,2,1,2,dream_agent,-7.0364656,2195
183.79109731418257,197.97658774214838,212.9662411518099,228.78975997683426,231.6968552491297,2,2,2,2,2,dream_agent,-7.076041,2196
183.20501463357883,197.80738786144468,212.81879802787248,228.505352880799,231.44066513431468,2,2,2,2,2,dream_agent,-7.212888,2197
183.53320001325397,197.79895703436947,212.9915145705219,228.4590031008042,231.75830395412098,2,2,2,2,2,dream_agent,-7.330537,2198
183.37845416838897,198.06784926595603,212.70633455664935,228.59744230521252,231.5979602818872,2,2,2,2,2,dream_agent,-7.501425,2199
183.24544260815898,197.99320979834295,213.06890741344625,228.523829560531,231.15841622566637,2,2,2,2,2,dream_agent,-7.6415634,2200
183.6398714007648,197.75178407947843,213.4701070880764,228.37832929350196,231.4642562023166,2,2,2,2,2,dream_agent,-7.643862,2201
183.32151208030479,197.70362771906946,213.0996505304565,228.5053096208107,231.81724262499398,2,2,2,2,1,dream_agent,-7.4399166,2202
183.12524197871446,197.89974078618962,212.54165920439868,228.19806805940723,232.1868994470131,2,2,2,2,2,dream_agent,-7.1516695,2203
183.26954153652562,197.8190687286826,213.40072902183874,228.11675864620796,232.692062035387,2,2,2,2,2,dream_agent,-6.7492604,2204
183.4308304160339,197.44729025740438,213.4505119066955,227.55378533142132,232.38738740665235,2,2,2,2,2,dream_agent,-6.633033,2205
182.91083628622115,197.19612589397624,213.00483511466044,227.84982664918314,232.18641778884097,2,2,2,2,2,dream_agent,-6.5637164,2206
183.23530778327915,197.29280236496737,212.9402019467519,227.51754025353745,232.01632219578207,2,2,2,2,2,dream_agent,-6.702711,2207
182.63218820900562,197.24947707799433,213.31333219807615,227.39062090513985,232.31291113537182,2,2,2,2,2,dream_agent,-6.547329,2208
182.89171885895243,197.79325530107678,213.3659867777913,227.30687830224895,232.04667928766872,2,2,2,2,2,dream_agent,-6.4848537,2209
183.1361045787612,197.82266631710806,213.30082055827046,228.13593504357993,232.1747706679623,2,2,2,1,2,dream_agent,-6.5067105,2210
182.71957599359266,197.5214648229192,213.05317123987587,228.41108711955872,231.93226917221722,2,2,2,2,2,dream_agent,-6.4790277,2211
182.90896855176874,197.43175809570877,212.79500456375425,228.49263637911136,231.7816570825229,2,2,2,2,2,dream_agent,-6.4995747,2212
182.69628740731648,197.56253447984483,212.85033345511303,228.11273834659787,232.01508818009577,2,2,2,2,2,dream_agent,-6.5896654,2213
181.93173170533993,197.76583407286415,212.8709698423097,228.086564799188,231.73655480114286,2,2,2,2,2,dream_agent,-6.337684,2214
182.3634283347851,197.54816330381234,213.2153733076366,228.44121322152924,232.07273344409626,2,2,2,2,2,dream_agent,-6.0622673,2215
182.95345910705316,196.91515577415146,213.2132693833891,228.34782834238686,231.9272632232328,1,2,2,2,2,dream_agent,-6.0212674,2216
183.358286766194,197.0916953722205,212.97537831403176,228.14588071769958,231.50464110498177,2,2,2,2,2,dream_agent,-5.677956,2217
183.42589284966397,197.68139310588225,212.74784108880843,227.55907919364603,232.32939562151338,2,2,2,2,2,dream_agent,-5.526122,2218
182.61709504802383,197.42355301188343,212.81846251961716,228.08105420053886,231.73477016950557,2,2,2,2,2,dream_agent,-5.567953,2219
182.85755111766144,197.22620120887333,212.7499541158608,227.68595847442762,231.6438857429465,2,2,2,2,2,dream_agent,-5.7433023,2220
182.96458441633413,196.88569801156115,212.81049322323585,227.51336266975525,231.94689636914248,2,2,2,2,2,dream_agent,-5.8425875,2221
182.59650494701796,197.97243825492805,213.0085023620212,227.68974637787989,231.60174791287255,2,1,2,2,2,dream_agent,-6.1258125,2222
182.64322446178411,198.57653115656015,212.98045992967062,228.0220259982645,231.73962506385445,2,2,2,1,2,dream_agent,-6.2223897,2223
182.3868480561154,198.8269579899739,212.9780683498022,228.8214241334142,231.11227904168794,2,2,2,2,2,dream_agent,-6.1940784,2224
183.02642460381657,198.54190216821863,212.76263930753305,228.62499867173983,231.45218516243736,1,2,2,2,2,dream_agent,-6.346132,2225
183.18897671786146,198.41468446578,212.92348193844634,228.44999081331605,231.06288774569782,2,2,2,2,2,dream_agent,-6.227788,2226
182.89150350574306,198.34225731479347,213.09054533858324,228.76989017686444,231.76073122961077,2,2,2,2,1,dream_agent,-6.191045,2227
182.87028706520468,198.06512343748992,213.29578228608958,228.31844046738556,231.79973068877248,2,2,2,2,2,dream_agent,-5.653993,2228
183.63063038021207,198.34692260068576,213.32965056135808,227.98692478505725,232.2075011053826,2,2,2,2,2,dream_agent,-5.1765747,2229
182.8923980844873,197.90978576576535,213.281795796246,228.0432148938635,232.21712284766664,2,2,2,2,2,dream_agent,-5.056127,2230
182.83779781355784,197.86327443737213,212.6198416777741,227.91985866672485,232.1444248703735,2,2,2,2,2,dream_agent,-5.254025,2231
182.43977264033217,197.63806632122566,212.92868823884416,227.58384334169224,232.15669782840615,2,2,2,2,2,dream_agent,-5.7037616,2232
182.6521702000222,198.1898730069483,212.79746086138684,227.45993594030637,232.50435696868288,2,2,2,2,2,dream_agent,-6.2765384,2233
183.03690554931225,198.13593949978164,213.00190423682182,227.79505940538195,232.30565503519168,2,2,2,2,2,dream_agent,-6.750434,2234
182.44722893360066,198.11895892735552,212.83261404090638,227.41595393270822,231.9077063096386,2,2,2,2,2,dream_agent,-7.1418276,2235
183.1150738149512,197.94005974491864,212.81098829664344,227.8810680908994,232.38096830929126,1,2,2,2,2,dream_agent,-7.3840637,2236
183.82166059685332,197.75754635589175,212.64119953724983,228.40397263605303,232.22187431085382,2,2,2,1,2,dream_agent,-7.338915,2237
183.38696072842532,198.3039718961312,213.14443721636874,228.765237738245,231.713975249865,2,2,2,2,2,dream_agent,-7.0595407,2238
183.3332853611926,197.95873579519255,213.04027134624934,228.7053960509483,232.13142232151165,2,2,2,2,2,dream_agent,-6.770325,2239
183.25292288876554,198.33657625946302,213.10451512436507,228.74286865545872,231.9332171558781,2,2,2,2,2,dream_agent,-6.438713,2240
182.72296214065116,197.6418950553338,212.82118668668977,228.5316792480429,231.3471934409187,2,2,2,2,2,dream_agent,-6.133146,2241
183.12077604993942,198.3168875537881,213.03707652272757,228.39189868065372,231.40193924397633,2,2,2,2,2,dream_agent,-5.8771744,2242
182.5598200871623,197.3840661118795,213.08535456600492,228.48337643794224,231.74881018968182,2,2,2,2,2,dream_agent,-5.454558,2243
182.93052997820604,197.609469029011,212.9464010721864,227.8591352173703,231.07225060930165,2,2,2,2,2,dream_agent,-5.263289,2244
182.66343060095573,197.82670185263564,212.98927117424782,228.26947919283484,231.37902334486947,2,2,2,2,2,dream_agent,-5.1125445,2245
182.80715716740514,197.26830884757655,212.72338827109942,228.01155552844244,231.8711851238599,1,2,2,2,1,dream_agent,-5.1873016,2246
183.4963405810072,197.66060811917947,212.78743931562022,228.2135538100309,231.7951632025914,2,2,2,2,2,dream_agent,-5.087476,2247
183.4149782219631,197.76851349557543,212.97991285898345,227.94405556757445,232.27363327206118,2,2,2,2,2,dream_agent,-5.026827,2248
184.0411667989093,197.9769115956504,213.09282368530066,227.69157158691738,232.23352691792934,2,2,2,2,2,dream_agent,-5.1912184,2249
183.14325481274267,197.69151179765413,212.8755963975838,227.59210722976957,231.7792729458955,2,2,2,2,2,dream_agent,-5.4334373,2250
183.34655981037614,197.52378628159263,212.6154977660641,227.624177949489,232.15185907093925,2,2,2,2,2,dream_agent,-5.6876607,2251
183.26256167466926,197.51951148745414,212.858085043237,227.29377585961976,232.2530802536456,2,2,2,2,2,dream_agent,-6.0756187,2252
183.1362269272012,197.26211762666716,212.85319567745964,227.23287133376468,232.2445956745025,2,2,2,2,2,dream_agent,-6.405933,2253
183.14761634450656,197.65927576926714,212.7467382479567,227.56741300484515,232.18180297465733,2,2,2,2,2,dream_agent,-6.7530823,2254
183.21552486821264,197.48550803434483,212.76739297850008,227.86238943840837,231.8341958618139,2,2,2,1,2,dream_agent,-7.1925955,2255
183.2846311799776,197.09255333772757,212.64118477249053,228.4681290365675,231.88399732295755,2,2,2,2,2,dream_agent,-7.3108635,2256
182.83374810976926,197.63269400212891,212.7778822250957,228.65198314260056,231.75580327048954,2,2,2,2,2,dream_agent,-7.1726847,2257
182.91915473287727,197.44342820961344,213.13281392797595,228.48629304373247,231.80743046976997,2,2,2,2,2,dream_agent,-7.2355404,2258
182.94108158837713,197.22144634514987,212.88641675396156,228.4700383861091,231.7603296524768,2,2,2,2,2,dream_agent,-7.0402145,2259
182.15720728959332,197.3585719146245,212.59580850660066,228.33596190820379,231.7458803404445,2,2,2,2,2,dream_agent,-6.6857276,2260
182.39872787062907,196.9557761249562,213.00264963506476,228.16789554259014,231.34144140756177,2,2,2,2,2,dream_agent,-6.5278416,2261
183.56595171998725,198.1664699490286,213.17671915421877,228.0141669193139,231.5743834165574,1,1,2,2,2,dream_agent,-6.5539827,2262
183.57109631798363,198.31667164157943,213.00434969702744,228.17149283403413,231.69978993667408,2,2,2,2,2,dream_agent,-6.0355444,2263
183.51651825324666,198.73767727617823,212.77501716364836,227.9222645249365,231.9369863792695,2,2,2,2,2,dream_agent,-5.8636007,2264
183.75641308031442,198.6637700199284,212.55194608979176,227.83789167777238,230.97910504965913,2,2,2,2,2,dream_agent,-5.8561316,2265
183.3328805435343,198.332233921329,212.75987233989682,227.81463751703888,231.7576482068886,2,2,2,2,1,dream_agent,-5.902651,2266
183.0959373779588,198.42705037279023,212.70220892843614,227.98975315121493,232.11756339362913,2,2,2,2,2,dream_agent,-5.8293643,2267
183.24033310563766,198.51586171459837,212.9800910314149,227.57802545657765,231.98332598418486,2,2,2,2,2,dream_agent,-5.840134,2268
183.35734939571043,198.1077438592462,213.1476947950455,227.572395547251,232.3351822198419,2,2,2,2,2,dream_agent,-6.0174184,2269
183.1310440507475,198.00878375049572,212.9438835426237,227.35340313627862,232.08598036888245,2,2,2,2,2,dream_agent,-5.8930516,2270
183.06413564536624,198.0841823274732,213.16641310771962,228.38075587973674,232.01597267701436,2,2,2,1,2,dream_agent,-5.999077,2271
183.2571403047281,198.16268040579874,213.39394847262557,228.66128393264108,231.78469113525574,2,2,2,2,2,dream_agent,-5.949421,2272
182.55079377024686,198.1921440459494,213.0034532024982,228.55126798627688,231.81177917846895,2,2,2,2,2,dream_agent,-5.8443427,2273
182.98708100493013,198.18285466208948,213.13789095299688,228.41647956657266,231.9236731787574,2,2,2,2,2,dream_agent,-5.9913816,2274
183.08285195698033,198.25269244562784,213.13945376170776,228.4781841103798,231.93225457655626,2,2,2,2,2,dream_agent,-6.341569,2275
182.60565768321845,198.16792574945376,213.05086084231831,228.2237763029235,231.79356839455488,2,2,2,2,2,dream_agent,-6.588301,2276
182.70458347245463,198.03077897362576,213.02025265550182,227.91114177027148,231.94660693008873,2,2,2,2,2,dream_agent,-6.74456,2277
182.72607481529073,198.2444035843148,213.0050207363482,227.77573069176125,232.08521987456552,2,2,2,2,2,dream_agent,-6.8064065,2278
182.59761932396876,198.10099684885822,213.10962314160471,227.66544137518503,231.76556245733053,2,2,2,2,2,dream_agent,-6.778457,2279
183.0093143668653,197.85717241613847,212.83469840297934,227.8962419652397,231.74718442875258,1,2,2,2,2,dream_agent,-6.8202214,2280
183.11797031084757,198.50040099498023,213.12371849154553,227.69646326789425,231.72512963896912,2,2,2,2,2,dream_agent,-6.4838977,2281
183.24822403405048,197.83957401892536,212.9797841787449,227.3775567626131,231.3275160543849,2,2,2,2,2,dream_agent,-6.35491,2282
183.51170161591628,198.16427846394419,212.9394731017886,226.96326665610286,231.4822426404111,2,2,2,2,2,dream_agent,-6.382959,2283
182.98836640695347,197.65919340731995,212.64643051503685,227.804137530714,231.21463654718224,2,2,2,1,2,dream_agent,-6.6959777,2284
183.11446533149126,197.49343733725638,212.98134016310973,228.0825576011679,231.71501500019158,2,2,2,2,2,dream_agent,-6.721263,2285
182.55733621367315,197.34365993070037,213.15783352622012,227.95136947379515,231.33494660765646,2,2,2,2,2,dream_agent,-6.541115,2286
182.7779045595187,197.80916570636964,213.2374653874716,227.90857014805897,231.14143467564975,2,2,2,2,2,dream_agent,-6.347067,2287
182.92477183496845,197.3338016048532,212.96311166637517,227.71209459106777,231.5653386377123,2,2,2,2,1,dream_agent,-6.3429065,2288
182.56237234544028,197.38743904436552,213.0234966370195,228.01996806938124,231.96787484182454,2,2,2,2,2,dream_agent,-6.369658,2289
183.5630278453775,197.30586279789938,212.71346271367761,227.36700161655367,232.30192063073665,1,2,2,2,2,dream_agent,-6.6007442,2290
183.66168801863495,197.10304759104463,213.26284419065524,227.20546338473997,232.41330249390614,2,2,2,2,2,dream_agent,-6.3633986,2291
183.86031511290605,197.06875145787026,213.20489601229644,226.84847157341443,232.16352849239385,2,2,2,2,2,dream_agent,-6.341093,2292
183.54963667769678,196.68553233034683,212.71061923836376,228.10269007122264,231.77760625815793,2,2,2,1,2,dream_agent,-6.1820846,2293
183.83000712088688,197.670526357831,213.07900489236204,228.4340100867789,232.31667566831757,2,1,2,2,2,dream_agent,-5.6054883,2294
183.72648843398997,197.98587674220136,213.08481227074964,228.33580938658386,232.15118888415,2,2,2,2,2,dream_agent,-5.071969,2295
184.16872184963248,198.37549328058773,213.36060239935563,228.15665797167605,232.16474589088915,2,2,2,2,2,dream_agent,-4.8353333,2296
183.5878696102439,198.4987704219186,213.36487029612812,227.75170378047255,231.87347045844547,2,2,2,2,2,dream_agent,-4.9141183,2297
183.2666239594223,198.44310965911038,213.12087658221952,227.79856645500672,231.94825842413468,2,2,2,2,2,dream_agent,-5.247746,2298
182.7887283289341,198.1621535593296,213.21365281582968,227.6468856934301,231.70853716878779,2,2,2,2,2,dream_agent,-5.5594716,2299
183.09883957832878,198.32441504747163,213.01652780733014,227.06245973967432,232.12247784913524,2,2,2,2,2,dream_agent,-5.814778,2300
183.08724382854615,198.37076045284314,213.30732530370332,227.80000922216692,232.3337538946638,2,2,2,1,2,dream_agent,-6.1808834,2301
183.3833398931446,198.24690645113907,213.0761268008939,228.1510967751301,231.64848252958933,2,2,2,2,2,dream_agent,-6.3450756,2302
183.2499354300293,198.56026162118764,213.01649353428223,228.29608927534494,232.37380137765018,2,2,2,2,2,dream_agent,-6.406244,2303
